-- phpMyAdmin SQL Dump
-- version 5.0.3
-- https://www.phpmyadmin.net/
--
-- Hôte : 127.0.0.1
-- Généré le : ven. 04 déc. 2020 à 10:06
-- Version du serveur :  10.4.14-MariaDB
-- Version de PHP : 7.4.11

SET SQL_MODE = "NO_AUTO_VALUE_ON_ZERO";
START TRANSACTION;
SET time_zone = "+00:00";


/*!40101 SET @OLD_CHARACTER_SET_CLIENT=@@CHARACTER_SET_CLIENT */;
/*!40101 SET @OLD_CHARACTER_SET_RESULTS=@@CHARACTER_SET_RESULTS */;
/*!40101 SET @OLD_COLLATION_CONNECTION=@@COLLATION_CONNECTION */;
/*!40101 SET NAMES utf8mb4 */;

--
-- Base de données : `projet-job-it`
--
CREATE DATABASE IF NOT EXISTS `projet-job-it` DEFAULT CHARACTER SET utf8mb4 COLLATE utf8mb4_general_ci;
USE `projet-job-it`;

-- --------------------------------------------------------

--
-- Structure de la table `affilies`
--

CREATE TABLE `affilies` (
  `id` int(11) NOT NULL,
  `url` varchar(255) COLLATE utf8mb4_unicode_ci NOT NULL,
  `email` varchar(255) COLLATE utf8mb4_unicode_ci NOT NULL,
  `created` datetime NOT NULL
) ENGINE=InnoDB DEFAULT CHARSET=utf8mb4 COLLATE=utf8mb4_unicode_ci;

-- --------------------------------------------------------

--
-- Structure de la table `affilies_categories`
--

CREATE TABLE `affilies_categories` (
  `affilies_id` int(11) NOT NULL,
  `categories_id` int(11) NOT NULL
) ENGINE=InnoDB DEFAULT CHARSET=utf8mb4 COLLATE=utf8mb4_unicode_ci;

-- --------------------------------------------------------

--
-- Structure de la table `categories`
--

CREATE TABLE `categories` (
  `id` int(11) NOT NULL,
  `nom` varchar(255) COLLATE utf8mb4_unicode_ci NOT NULL
) ENGINE=InnoDB DEFAULT CHARSET=utf8mb4 COLLATE=utf8mb4_unicode_ci;

--
-- Déchargement des données de la table `categories`
--

INSERT INTO `categories` (`id`, `nom`) VALUES
(1, 'Kids, Jewelry & Home'),
(2, 'Grocery, Garden & Music'),
(3, 'Grocery, Industrial & Sports'),
(4, 'Electronics & Tools'),
(5, 'Games, Toys & Outdoors'),
(8, 'SEO');

-- --------------------------------------------------------

--
-- Structure de la table `doctrine_migration_versions`
--

CREATE TABLE `doctrine_migration_versions` (
  `version` varchar(191) COLLATE utf8_unicode_ci NOT NULL,
  `executed_at` datetime DEFAULT NULL,
  `execution_time` int(11) DEFAULT NULL
) ENGINE=InnoDB DEFAULT CHARSET=utf8 COLLATE=utf8_unicode_ci;

--
-- Déchargement des données de la table `doctrine_migration_versions`
--

INSERT INTO `doctrine_migration_versions` (`version`, `executed_at`, `execution_time`) VALUES
('DoctrineMigrations\\Version20201123133238', '2020-11-23 14:33:08', 224),
('DoctrineMigrations\\Version20201123140611', '2020-11-23 15:06:18', 522),
('DoctrineMigrations\\Version20201123140723', '2020-11-23 15:07:27', 929),
('DoctrineMigrations\\Version20201123141003', '2020-11-23 15:10:07', 330),
('DoctrineMigrations\\Version20201124132956', '2020-11-24 14:30:09', 7183),
('DoctrineMigrations\\Version20201124134936', '2020-11-24 14:49:51', 7596),
('DoctrineMigrations\\Version20201124150926', '2020-11-24 16:09:32', 1892),
('DoctrineMigrations\\Version20201124151150', '2020-11-24 16:11:54', 1425);

-- --------------------------------------------------------

--
-- Structure de la table `jobs`
--

CREATE TABLE `jobs` (
  `id` int(11) NOT NULL,
  `categorie_id` int(11) DEFAULT NULL,
  `contrat` varchar(100) COLLATE utf8mb4_unicode_ci NOT NULL,
  `entreprise` varchar(100) COLLATE utf8mb4_unicode_ci NOT NULL,
  `logo` varchar(100) COLLATE utf8mb4_unicode_ci DEFAULT NULL,
  `url` varchar(255) COLLATE utf8mb4_unicode_ci DEFAULT NULL,
  `pays` varchar(255) COLLATE utf8mb4_unicode_ci NOT NULL,
  `lieu` varchar(255) COLLATE utf8mb4_unicode_ci NOT NULL,
  `description` longtext COLLATE utf8mb4_unicode_ci NOT NULL,
  `token` varchar(255) COLLATE utf8mb4_unicode_ci DEFAULT NULL,
  `email` varchar(255) COLLATE utf8mb4_unicode_ci NOT NULL,
  `active` tinyint(1) DEFAULT NULL,
  `expire` datetime DEFAULT NULL,
  `created` datetime DEFAULT NULL,
  `updated` datetime DEFAULT NULL,
  `postuler` longtext COLLATE utf8mb4_unicode_ci DEFAULT NULL
) ENGINE=InnoDB DEFAULT CHARSET=utf8mb4 COLLATE=utf8mb4_unicode_ci;

--
-- Déchargement des données de la table `jobs`
--

INSERT INTO `jobs` (`id`, `categorie_id`, `contrat`, `entreprise`, `logo`, `url`, `pays`, `lieu`, `description`, `token`, `email`, `active`, `expire`, `created`, `updated`, `postuler`) VALUES
(1, 1, 'Chef de fabrication', 'Bertrand Brunet SA', 'https://picsum.photos/400/400?image=186', 'http://www.clement.net/assumenda-architecto-praesentium-optio-commodi-facere-et-reiciendis', 'Australie', 'Lecomte', 'Quis porro doloribus nisi ut consequatur explicabo. Quae quia rerum tempora in ut optio. Harum doloremque accusamus eligendi iusto voluptas.', 'est', 'fsimon@baudry.com', 1, '0107-01-17 23:25:14', '1673-10-05 05:56:45', '0296-10-01 04:42:58', 'Vero quis soluta id nesciunt rerum. Reprehenderit facere libero sint natus a dolores laudantium. Fuga alias commodi molestias accusantium distinctio temporibus ea enim.'),
(2, 1, 'Pilote fluvial', 'Lacroix Lelievre SA', 'https://picsum.photos/400/400?image=966', 'http://www.ramos.net/est-provident-doloribus-labore-enim-culpa-maxime-eos.html', 'Équateur', 'Jacques', 'Reiciendis unde sapiente voluptatem ea. Veritatis itaque enim assumenda corporis sint. Eligendi vitae nihil nisi sapiente soluta fuga. Aut dolor quasi sapiente nihil amet.', 'esse', 'nicolas.lecomte@ifrance.com', 0, '0893-05-27 15:35:11', '0240-09-13 08:20:14', '0850-12-15 01:06:51', 'Animi molestiae placeat occaecati est ex. Reprehenderit ducimus doloribus omnis cumque et consequatur. Similique est facilis inventore nesciunt et repudiandae in consequuntur. Enim blanditiis animi veniam repudiandae error id nulla.'),
(3, 1, 'Bâtonnier d\'art', 'Robin', 'https://picsum.photos/400/400?image=358', 'http://thierry.fr/commodi-quia-quia-neque-ut-omnis-veniam-debitis-aut', 'Martinique', 'Gonzalez-sur-Durand', 'Corrupti quo est rerum. Explicabo qui non accusantium culpa adipisci sit. Doloribus enim eligendi numquam. Sint minus impedit harum earum.', 'architecto', 'antoine.besnard@gmail.com', 1, '0176-09-01 03:36:33', '0061-07-26 18:02:06', '0955-10-28 07:36:55', 'Mollitia sed ea incidunt non fuga. Voluptate repellendus sunt vel dolore. Unde sed expedita neque eos est.'),
(4, 1, 'Vidéo-jockey', 'Philippe Duval S.A.S.', 'https://picsum.photos/400/400?image=894', 'http://barbe.net/', 'Antarctique', 'Leblanc', 'Et laborum officiis est sed. Odit commodi architecto sit ab. Voluptatibus voluptate quasi assumenda tempore.', 'ut', 'honore73@wanadoo.fr', 0, '0430-08-27 21:41:04', '1643-09-16 06:25:17', '1937-07-27 23:58:19', 'Tenetur cum vero doloremque voluptatem voluptas distinctio et. Et est delectus necessitatibus eaque. Est aliquam id magni et quis quos.'),
(5, 1, 'Technicien plateau', 'Briand', 'https://picsum.photos/400/400?image=797', 'http://www.turpin.net/accusamus-ab-deserunt-non-perspiciatis-quod.html', 'Somalie', 'Rodriguez-les-Bains', 'Qui distinctio vel dolorem mollitia sunt quisquam molestiae. Iste odit soluta rerum quia earum temporibus. Distinctio et suscipit eum dolores non.', 'voluptatem', 'susan.meyer@ollivier.fr', 0, '0285-06-21 05:10:45', '1230-03-12 14:26:17', '0594-07-20 22:52:47', 'Minima est sed qui quia ea. Dolores perferendis est et ratione quidem.'),
(6, 1, 'Mouliste drapeur', 'Langlois SAS', 'https://picsum.photos/400/400?image=30', 'http://www.dupre.fr/reiciendis-necessitatibus-dolor-illo-quaerat-deserunt-exercitationem-praesentium', 'El Salvador', 'Regnier-les-Bains', 'Harum aspernatur fugiat aperiam perferendis. Velit inventore officia enim nihil qui. Temporibus suscipit ipsa ut sint odit ea explicabo.', 'eos', 'marguerite14@brunet.org', 0, '0406-06-24 17:15:54', '0899-06-15 23:09:10', '1058-10-30 14:58:38', 'Excepturi incidunt occaecati harum delectus dolor asperiores itaque sunt. Eius itaque ex laborum cumque. Error in placeat nam reprehenderit. Totam facere autem ullam temporibus perspiciatis non aliquam.'),
(7, 1, 'Conseiller funéraire', 'Maillet S.A.S.', 'https://picsum.photos/400/400?image=685', 'https://www.alves.fr/est-nostrum-quaerat-perferendis-voluptatem-aliquid', 'Équateur', 'Jourdandan', 'Voluptatem rerum sapiente delectus aliquid quia. Sit at dolorem et ut corporis quaerat et. Ea sit ipsa aut aut facilis. Cumque nesciunt fugit unde et esse.', 'odit', 'claire.lombard@laposte.net', 0, '0543-06-04 07:27:42', '1415-07-04 02:32:47', '1822-10-19 03:14:40', 'Sit at repellat et impedit. Corrupti nobis aut facere ipsam qui cum. Et suscipit magni aut. Mollitia dolor ullam illo ipsa.'),
(8, 1, 'Bâtonnier d\'art', 'Samson Maurice S.A.R.L.', 'https://picsum.photos/400/400?image=474', 'http://www.chartier.com/ut-vitae-est-ut-reprehenderit-voluptatem-possimus', 'Nouvelle Calédonie', 'Hoarau', 'Placeat aut ut ut perferendis ea. Natus doloribus aut ex et maxime recusandae et. Autem aut non molestiae voluptatem reprehenderit quo.', 'explicabo', 'emmanuel.maillot@club-internet.fr', 0, '1057-07-18 11:20:16', '0589-08-12 15:29:20', '0408-10-28 19:09:24', 'Asperiores doloremque dolorum et. Sunt voluptate sunt minus omnis nobis praesentium illum facilis. Nihil laboriosam adipisci dolor laboriosam dolor. Aut eum qui molestiae labore illum voluptas hic.'),
(9, 1, 'Aspigiculteur', 'Benoit', 'https://picsum.photos/400/400?image=337', 'http://www.charrier.com/iusto-consequuntur-earum-deleniti-at', 'Moldavie', 'Lacombe', 'Est fugit praesentium est aliquam. Nulla voluptatum corrupti possimus itaque ad. Officia pariatur earum nemo expedita illo voluptas ipsum. Ut illum vero error aspernatur.', 'dicta', 'bertrand.laine@wanadoo.fr', 0, '0888-01-14 05:49:58', '1838-07-22 21:27:43', '0363-08-09 04:41:51', 'Vitae magnam et ut rerum ex rerum ipsam exercitationem. Autem consequatur nihil error ut doloribus eum at magnam. Adipisci et itaque aliquam. Consequuntur saepe excepturi voluptatem architecto dicta.'),
(10, 1, 'Solier-moquettiste', 'Barthelemy Caron S.A.R.L.', 'https://picsum.photos/400/400?image=869', 'http://weiss.fr/in-ut-illum-fuga-id-aut-deleniti', 'Lithuanie', 'VincentBourg', 'Ut qui consequatur iure laborum aut recusandae minima. Magnam soluta voluptates itaque et neque. Dolorum expedita illum recusandae tempore quia repellendus. Eos aut fugit vero id est.', 'reprehenderit', 'omichel@boulanger.com', 1, '1505-01-06 16:27:04', '0869-08-30 16:33:07', '0332-04-27 11:13:59', 'Autem et at est quod. Perferendis magni saepe error at. Hic iste minima impedit beatae aut ullam optio doloremque.'),
(11, 1, 'Employé d\'étage', 'Antoine SAS', 'https://picsum.photos/400/400?image=951', 'http://samson.fr/consequatur-distinctio-qui-ut-dolores-ab', 'Hong Kong', 'Begue-les-Bains', 'Pariatur nemo sed reiciendis cumque. Possimus deleniti iusto dolores cumque vel.', 'aut', 'laurence.petitjean@parent.fr', 0, '1802-06-06 12:35:18', '0917-06-15 08:05:31', '0652-03-18 03:02:40', 'Sapiente vel iste dolorem mollitia. Accusamus et quam impedit ea quidem hic est. Quas saepe voluptatem itaque omnis.'),
(12, 1, 'Archéologue', 'Parent', 'https://picsum.photos/400/400?image=38', 'https://www.chevallier.org/illum-quia-aut-sunt-et-possimus-pariatur-eum', 'Palau', 'Marechal-sur-Perrin', 'Aspernatur nulla corrupti blanditiis corporis nihil velit. Quo qui eum possimus. Ut asperiores impedit debitis quasi voluptatibus.', 'et', 'francois09@tele2.fr', 0, '0549-07-31 17:46:03', '1866-07-02 06:44:34', '0348-05-17 08:57:41', 'Rerum id minus et ipsum id. Cumque aut repellat quia ex alias sit. Quidem voluptates ut aliquam similique.'),
(13, 1, 'Finance', 'Petit', 'https://picsum.photos/400/400?image=1075', 'http://www.lecoq.com/recusandae-aspernatur-ipsa-est-quo-neque.html', 'Dominique', 'CarpentierBourg', 'Ut nulla maxime et nihil repudiandae. Amet cum enim ea velit in illo. Est dolores cum aut iusto nesciunt eos. Ut veniam quibusdam ullam et.', 'dolorum', 'gonzalez.laurent@laposte.net', 0, '1955-01-14 17:07:39', '0068-05-06 18:37:56', '0351-11-06 13:26:35', 'Voluptates aut iusto deleniti voluptate quia quod ratione. Veniam quod cumque veniam ad.'),
(14, 1, 'Comptable unique', 'Schneider', 'https://picsum.photos/400/400?image=977', 'https://pascal.fr/aut-culpa-quis-ducimus-ut-ut-minima-nam-fugit.html', 'Bangladesh', 'Ramos-sur-Jacob', 'Eaque non omnis id voluptas velit. In expedita provident provident sed. Sed qui possimus quas optio. Dolores consequatur voluptas necessitatibus eveniet.', 'ipsa', 'theodore20@laposte.net', 0, '1551-10-10 10:22:59', '0950-05-11 14:28:10', '2007-01-20 07:39:06', 'Enim ea impedit neque libero. Inventore blanditiis repudiandae vel est. Praesentium labore aut quia. Velit facere mollitia numquam quisquam expedita temporibus.'),
(15, 1, 'Régleur funéraire', 'Tessier S.A.', 'https://picsum.photos/400/400?image=776', 'http://chartier.fr/voluptatum-qui-voluptas-ad-autem.html', 'Thailande', 'Barthelemy-sur-Mer', 'Fuga quis eum optio aut et qui doloremque voluptatem. Eos est mollitia ut quam. Illum aspernatur ad dolorem esse repellendus et eos nesciunt.', 'ratione', 'wroux@dbmail.com', 1, '0479-09-27 06:41:16', '0200-09-01 18:36:39', '0406-03-06 04:27:14', 'Hic facere optio asperiores nihil voluptatum ducimus atque. Quam aut voluptatem sed ipsam dolores nam beatae. Veritatis dolor minus est quidem ipsa aut dolorum. Est itaque quia impedit ut id eos earum rerum. Unde eius eaque blanditiis.'),
(16, 1, 'Finance', 'Faivre', 'https://picsum.photos/400/400?image=439', 'http://guyon.com/quod-qui-facere-laborum-et', 'Niger', 'Dubois-sur-Mer', 'Eos sit perferendis similique aut. Corporis dicta aut a repellendus. Est fugit atque corporis quo delectus. Dolorem laborum delectus odit quo natus autem.', 'earum', 'roger.martel@tele2.fr', 0, '0742-08-27 00:01:42', '1383-09-16 03:23:38', '1678-08-25 01:14:35', 'Autem qui minus at consequatur. Omnis voluptatum alias similique repellendus. Itaque et sunt voluptas quia quo dolores. Quis nihil animi delectus consequatur vel est ex.'),
(17, 1, 'Gérant d\'hôtel', 'Briand', 'https://picsum.photos/400/400?image=805', 'http://www.lacroix.fr/et-facilis-repellendus-quae-delectus-excepturi-occaecati.html', 'Finlande', 'Lamy-la-Forêt', 'Iusto modi qui minus beatae ratione quis tenetur. Rerum vitae quis est et. Et aut qui quia velit. Ipsa et error ut libero unde.', 'quia', 'rpons@gmail.com', 0, '1172-11-11 22:36:15', '1318-12-18 19:28:02', '1294-11-16 07:31:05', 'Vel suscipit omnis blanditiis rem. Id est cum consectetur esse neque. Magni quidem aut deleniti praesentium. Aut porro alias rerum.'),
(18, 1, 'Verrier à la calotte', 'Jacquet Morin SARL', 'https://picsum.photos/400/400?image=625', 'http://www.jacob.fr/iste-nam-dolore-itaque-distinctio-minima-perspiciatis.html', 'Lettonie', 'Antoine', 'Quia fugiat sed ex unde inventore quaerat voluptatum. Sed facere sed consequatur autem ex animi. Aperiam modi et nostrum quia architecto. Iure fugit est cum aspernatur rerum sit corrupti.', 'sint', 'vincent.marie@herve.org', 1, '0671-01-26 04:21:40', '1892-08-05 21:46:44', '0052-10-21 18:44:01', 'Veritatis vel est saepe aspernatur ab qui in. Voluptatem voluptatem sunt quidem doloremque ducimus quaerat. Et ipsum ad sit sunt. Qui dolorem in dolores culpa.'),
(19, 1, 'Artiste dramatique', 'Boulay', 'https://picsum.photos/400/400?image=222', 'http://aubert.com/laborum-nobis-vitae-inventore-consequuntur-occaecati-facere-id-dicta', 'Pakistan', 'Royer', 'Eligendi placeat dolor omnis excepturi rerum ea. Fugiat dolore ab porro aliquam. Voluptatem numquam amet odit nam. Neque corrupti repellendus nemo architecto delectus inventore temporibus.', 'vitae', 'sabine.vincent@peltier.org', 1, '0857-03-12 21:22:10', '0406-03-30 14:04:29', '0203-07-02 05:09:32', 'Ut repudiandae dolorum voluptatem. Ut deserunt dignissimos qui sint. Et rerum laudantium asperiores dolores autem excepturi repellat.'),
(20, 1, 'Ingénieur du son', 'Robin', 'https://picsum.photos/400/400?image=515', 'https://legall.fr/quia-alias-molestias-quis-quia.html', 'Wallis et Futuna (Îles)', 'Brunel', 'Quia deserunt magni aliquid quas sunt quo esse. Cumque delectus dolore molestias est voluptatem doloremque. Saepe cupiditate earum eius animi.', 'magni', 'hugues65@voila.fr', 1, '0985-10-11 06:25:04', '0464-09-05 19:15:46', '0223-09-30 01:33:50', 'Mollitia et illo facere enim totam eos. Rerum dolores quia et natus. Et aut iusto sit cum. Adipisci omnis nostrum delectus quod aperiam facere quis.'),
(21, 1, 'Garçon de hall', 'Leconte', 'https://picsum.photos/400/400?image=68', 'https://roger.fr/nemo-et-aut-unde-aut.html', 'Irlande', 'Renault', 'Consequatur eaque ipsam quisquam reprehenderit molestiae corrupti fuga. Molestiae et quod perferendis doloremque quibusdam nihil. Facilis sint incidunt sint dolorem error.', 'rem', 'louise22@gmail.com', 1, '0692-04-26 21:41:52', '1744-08-29 13:01:52', '0633-02-27 14:50:29', 'Minus ea laudantium alias quo rerum. Cupiditate temporibus eum id quibusdam expedita blanditiis at cupiditate. Tempora ratione officia iusto aspernatur rerum culpa iure sunt. Reprehenderit a reprehenderit enim omnis debitis maxime doloribus. In facilis sapiente debitis odit porro.'),
(22, 1, 'Porteur de hottes', 'Renault', 'https://picsum.photos/400/400?image=877', 'http://www.leclercq.org/quam-qui-eos-cum-in-blanditiis-laudantium', 'Guinée Equatoriale', 'Lenoir-la-Forêt', 'Repellat quibusdam neque quo molestias itaque. Qui non eveniet in doloribus consequatur id sed impedit. Perferendis molestias omnis at et.', 'accusamus', 'gaudin.zoe@free.fr', 0, '0350-03-27 10:42:44', '0988-02-06 20:03:58', '1713-08-04 03:34:18', 'Reprehenderit quia vero consequatur. At a sit pariatur quo assumenda iure. Ut voluptatem consectetur ipsa ut iure soluta.'),
(23, 1, 'Médecin du sport', 'Allain', 'https://picsum.photos/400/400?image=729', 'http://philippe.com/quae-nesciunt-veritatis-distinctio-repudiandae-impedit', 'La Barbad', 'Evrard-la-Forêt', 'Maxime unde aut reprehenderit nulla atque adipisci repudiandae. Commodi quia et nihil fugit.', 'tempora', 'tmuller@chauvet.fr', 0, '0242-08-25 02:39:30', '0428-12-13 05:09:35', '0274-09-12 14:10:03', 'Aut est sit quas iusto temporibus. Sed odio eligendi deserunt doloribus. Fuga explicabo consequuntur eum quas autem placeat.'),
(24, 1, 'Secrétaire juridique', 'Millet', 'https://picsum.photos/400/400?image=1080', 'http://www.leleu.fr/doloremque-est-reiciendis-provident-est-quia-et.html', 'Nigeria', 'GuillouBourg', 'Et tempora quis deleniti rerum sequi accusamus facilis. Illum tenetur id illum quia. Repellendus hic qui rem eveniet eum assumenda.', 'voluptas', 'agathe.gilbert@yahoo.fr', 1, '0443-12-20 08:39:29', '0176-11-30 11:34:44', '1915-03-14 04:08:09', 'Quos porro nihil quo odio optio doloremque. Laborum omnis laborum eligendi qui voluptatum. Iusto deleniti dicta consequatur accusantium non. Ipsam doloremque veritatis cupiditate nihil.'),
(25, 1, 'Formateur d\'italien', 'Martel', 'https://picsum.photos/400/400?image=496', 'http://maury.com/odio-ut-natus-ipsa-fugit-rem-eligendi-voluptate', 'Papouasie-Nouvelle-Guinée', 'Brunel', 'Voluptatum ex omnis saepe nobis culpa numquam ad. Ullam iusto odio perferendis voluptas. Eaque enim odit est dolorem fuga. Nihil blanditiis incidunt blanditiis sit sit dolor est.', 'corporis', 'rhamon@lopez.com', 0, '0895-02-13 17:16:22', '0007-06-14 08:05:54', '1634-09-10 06:32:56', 'Omnis voluptatem impedit reiciendis quia quisquam in fuga. Vel eos sed eligendi iste. Aut ea cum dolores omnis sunt temporibus totam. Earum placeat corporis tenetur voluptatem.'),
(26, 1, 'Projeteur béton armé', 'Leblanc Caron S.A.', 'https://picsum.photos/400/400?image=189', 'https://www.delahaye.com/nam-ipsum-molestiae-recusandae-optio-aliquid-totam-magni', 'Danemark', 'Lesagenec', 'Eaque eligendi architecto vero suscipit suscipit molestiae. In explicabo sequi modi blanditiis.', 'enim', 'lebon.brigitte@dbmail.com', 0, '0807-07-02 08:45:06', '0167-02-16 12:19:23', '1467-08-18 14:27:35', 'Quos possimus est in est. Et assumenda vero voluptas voluptates sit et. Laudantium voluptate eaque accusantium molestias placeat. Eum itaque nisi exercitationem in occaecati aut quisquam.'),
(27, 1, 'Ingénieur géomètre', 'Herve', 'https://picsum.photos/400/400?image=685', 'http://robert.com/unde-quisquam-et-aut-aperiam-dolor-velit', 'Timor', 'Ramos', 'Eum facilis sequi accusantium et maxime laboriosam accusamus fuga. Ratione tempore sit quia et qui assumenda voluptatem consequatur. Et quis ex omnis laudantium. Architecto minus consequatur neque perferendis minima fugiat atque.', 'consectetur', 'bnavarro@laposte.net', 1, '1401-10-05 02:12:43', '1976-08-14 21:32:20', '1238-09-01 13:25:45', 'Nesciunt perferendis aut voluptatibus ex laboriosam sunt dolorem. Cupiditate et eveniet ex dolores sed id quos. Nam culpa voluptatem tempore id ad qui.'),
(28, 2, 'Vendeur en meubles', 'Caron', 'https://picsum.photos/400/400?image=996', 'https://michaud.com/quibusdam-quia-expedita-totam-soluta-labore-ut-porro-possimus.html', 'Luxembourg', 'Royer', 'Qui ea deserunt quis animi. Eum non et amet et. Porro explicabo dolorem esse dolores quis tempora ut. Ut ab totam tempore earum et voluptate.', 'quisquam', 'edouard68@ifrance.com', 1, '0321-04-16 15:56:01', '0126-04-29 16:03:17', '1066-10-04 17:38:39', 'Delectus quo commodi natus totam. Et voluptates nesciunt quis officiis est non sequi. Omnis distinctio rerum officia quo eum est qui. Nisi suscipit rerum quae voluptatum.'),
(29, 2, 'Chiropraticien', 'Toussaint Bruneau S.A.', 'https://picsum.photos/400/400?image=511', 'http://www.hardy.com/reprehenderit-hic-minus-est-aspernatur', 'Bosnie-Herzégovine', 'Martin', 'Esse magni a et reiciendis et. Sit fugit sed atque. Consequatur eos non assumenda quibusdam tempora ut est.', 'inventore', 'claudine73@guichard.fr', 0, '1800-03-21 23:14:07', '0728-04-28 14:21:41', '1761-09-02 05:34:24', 'Sed vel est voluptas distinctio. Omnis animi repudiandae consequuntur id ut. Suscipit occaecati corrupti ullam doloremque voluptas.'),
(30, 2, 'Défloqueur d\'amiante', 'Laroche Etienne S.A.R.L.', 'https://picsum.photos/400/400?image=277', 'http://couturier.org/reiciendis-qui-et-debitis-sed-qui-maxime-et', 'Comores', 'LopezBourg', 'Unde ut voluptatibus molestias. Dolor quia necessitatibus labore repellat eum. Sequi iusto maxime sed quia ut.', 'maiores', 'meunier.lucas@lopez.com', 1, '1235-03-27 21:49:44', '1251-01-04 16:29:35', '0596-08-09 17:43:21', 'Harum et voluptatem ullam optio qui exercitationem quisquam. Ut tenetur aut ut et facere nisi. Vitae delectus quia necessitatibus tenetur itaque quo. Totam aperiam facere amet laboriosam quia amet.'),
(31, 2, 'Ouvrier serriste', 'Roy et Fils', 'https://picsum.photos/400/400?image=563', 'http://guyot.fr/id-perferendis-quos-dicta-eos', 'Martinique', 'Renaud', 'Rerum et rem sit veritatis quidem. Officiis accusamus rerum molestiae fuga. Fugiat quas et dolores nemo sint natus repudiandae.', 'sed', 'rleroux@live.com', 1, '1166-12-08 06:33:22', '0059-09-14 13:15:03', '0951-05-05 21:48:29', 'Magnam rerum praesentium aut et. Mollitia quasi assumenda officiis qui nostrum autem perspiciatis modi. Qui dolore dolores deleniti rerum cumque eaque autem enim. Laudantium ea quos temporibus quisquam atque excepturi nesciunt.'),
(32, 2, 'Piqueur en ganterie', 'Thierry Martineau et Fils', 'https://picsum.photos/400/400?image=110', 'http://www.langlois.fr/enim-quasi-nesciunt-ipsum-et', 'Sénégal', 'Laurent', 'Non porro molestias impedit aut non consequatur in. Dicta temporibus sunt eos dicta sed harum deleniti. Doloribus nemo voluptatem sed et.', 'delectus', 'lpruvost@boulay.org', 0, '1376-05-09 12:22:40', '0408-04-21 15:48:32', '1610-03-06 04:55:35', 'Tempora laboriosam a quaerat molestias quasi tempora. Minima consequatur est dolorem vel incidunt consequatur deleniti. Ut quis adipisci animi est consequuntur velit id. Sed qui vero aut quisquam. Totam dolorum error beatae doloribus porro delectus.'),
(33, 2, 'Styliste graphiste', 'Launay Joly SAS', 'https://picsum.photos/400/400?image=100', 'http://michaud.com/', 'Réunion (La)', 'WeberVille', 'In ratione id deserunt repudiandae laborum et asperiores. Accusamus iste odio dolores veritatis et. Pariatur qui itaque laboriosam ipsam exercitationem molestiae rerum. Est nemo unde eos amet enim occaecati.', 'et', 'susanne54@yahoo.fr', 1, '0953-04-12 21:32:23', '1227-02-22 04:04:14', '1832-04-20 09:02:34', 'Ut qui dicta nesciunt natus. Unde similique eum quisquam et quidem quibusdam. Est officiis quaerat eum veniam provident.'),
(34, 2, 'Technicien plateau', 'Georges', 'https://picsum.photos/400/400?image=189', 'https://lacroix.org/eos-beatae-quae-illum-perspiciatis.html', 'Afrique du sud', 'Breton', 'Laborum ea maiores modi inventore eius. Sint ut et perferendis fugiat. Aut pariatur illo iusto dicta et totam ipsam.', 'enim', 'cmarques@ifrance.com', 0, '0522-10-05 13:47:44', '0115-08-21 19:31:20', '1216-10-06 01:49:10', 'Est voluptate aut alias delectus quis eum assumenda. Repudiandae et porro vel. Temporibus quod amet vero animi rem deleniti doloribus. Voluptatem ipsa molestiae est iste ullam atque illo.'),
(35, 2, 'Radio chargeur', 'Legros', 'https://picsum.photos/400/400?image=247', 'http://www.normand.com/', 'République tchèque', 'Hoarau', 'Nihil a error accusantium quia. Omnis consequuntur cum aliquam. Rerum quaerat numquam ut enim autem nostrum. Consequatur voluptatem doloribus accusantium nihil optio placeat quis.', 'quaerat', 'marguerite.gaillard@chretien.fr', 0, '1373-12-04 05:32:16', '0780-02-09 15:30:02', '0741-12-07 00:04:30', 'Facilis et autem in quo. Repellendus consequatur itaque officia autem rem. Tenetur animi consequatur quam.'),
(36, 2, 'Porteur de journaux', 'Bernard', 'https://picsum.photos/400/400?image=1018', 'http://www.gomez.com/', 'Bangladesh', 'Maillet', 'Placeat dolorem omnis nam maiores aut aliquam. Atque voluptatum molestias sapiente neque numquam aut. Harum eum rerum vel modi impedit velit aut officiis.', 'sit', 'guillot.philippe@legendre.com', 1, '1478-09-08 05:17:40', '0435-10-13 13:44:29', '0088-06-26 06:58:40', 'Ducimus iure temporibus tempora sit vel eius. Saepe laudantium asperiores ut ut qui necessitatibus. Velit iusto omnis illo consequuntur velit.'),
(37, 2, 'Archéologue', 'Charpentier', 'https://picsum.photos/400/400?image=1038', 'http://www.leclerc.fr/pariatur-nemo-voluptatem-error-eaque-et-laborum-possimus.html', 'Géorgie', 'Levy', 'Eaque repellat earum placeat reprehenderit. Et eaque omnis minus hic quibusdam. Nihil et debitis enim est quos amet nostrum. Eligendi alias illum voluptas pariatur quibusdam.', 'magnam', 'delorme.caroline@sfr.fr', 0, '0604-11-26 05:07:13', '1721-10-12 05:14:31', '0749-12-07 20:56:21', 'Sunt quo vel dolores delectus. Iste aperiam porro minus atque non. Amet rem natus omnis temporibus. Deserunt beatae hic et facere expedita accusamus fugiat.'),
(38, 2, 'Maçon-fumiste', 'Morel', 'https://picsum.photos/400/400?image=573', 'http://blot.fr/harum-enim-nobis-voluptatem-et', 'Mayotte', 'Diaz', 'Qui cupiditate doloribus nam consequuntur. Minus maxime earum et dolorem repudiandae illo non ut.', 'tempora', 'ygregoire@vallee.com', 0, '1251-05-29 21:17:26', '0049-09-16 02:14:48', '1885-06-28 16:52:38', 'Deleniti sit quod reiciendis fugiat. Ad velit dolores a. Consequatur distinctio minima consequuntur id voluptatibus qui alias omnis. Aliquid rerum placeat molestias dolore qui.'),
(39, 2, 'Hydrothérapie', 'Guilbert', 'https://picsum.photos/400/400?image=691', 'http://letellier.org/dolorem-pariatur-qui-nemo-exercitationem', 'Émirats arabes unis', 'Carrenec', 'Velit consequuntur quasi dolor numquam ea id vitae doloremque. Itaque modi delectus amet quisquam cumque. Quia autem iste maiores eligendi totam deserunt architecto. Voluptas et maiores dignissimos.', 'eaque', 'pauline31@gmail.com', 0, '1515-11-10 17:05:39', '0348-09-29 08:02:43', '0260-09-10 21:11:24', 'Nostrum odio nihil sint veniam reiciendis dolor. Pariatur ad voluptas sapiente quae debitis at.'),
(40, 2, 'Décorateur-costumier', 'Lombard Besnard S.A.', 'https://picsum.photos/400/400?image=266', 'http://peron.fr/', 'Namibie', 'Aubert', 'Et asperiores eum et officia. Laboriosam molestias dolorem quaerat rerum rerum quia. Et ut ut sed mollitia quas reprehenderit. Numquam reiciendis expedita voluptatem et eligendi. Qui labore id sint rerum sit.', 'sequi', 'victor.gregoire@teixeira.com', 0, '1549-03-23 18:27:08', '0448-09-02 13:59:43', '1055-02-16 01:56:29', 'Temporibus cum voluptate error. Asperiores et sed nobis natus eos. Animi doloribus omnis eos quo cupiditate dignissimos est. Id eum est velit pariatur. In et nam nihil est ea.'),
(41, 2, 'Diététique', 'Renault Roche SARL', 'https://picsum.photos/400/400?image=194', 'https://www.muller.fr/tempora-quisquam-reiciendis-omnis-quis', 'Niue', 'Seguin', 'Odit vel accusamus illo esse. Aut reiciendis amet quisquam. Autem earum quae quae velit natus quo.', 'accusantium', 'bourgeois.juliette@noos.fr', 0, '1229-04-14 01:23:36', '1591-05-15 08:51:27', '0265-01-19 11:58:48', 'Illum voluptates aperiam sed sed quo odio. Debitis perferendis sequi ex quia aspernatur. Optio ut eum et quo voluptatem sapiente et doloremque.'),
(42, 2, 'Etainier', 'Jourdan et Fils', 'https://picsum.photos/400/400?image=209', 'http://www.fouquet.com/in-consequuntur-earum-quaerat-ipsam-laudantium.html', 'Mariannes du Nord (Îles)', 'Dufour', 'Ab tempore enim itaque porro dicta. Quam deleniti qui molestiae dolorum eos ab quo. Saepe architecto consequatur explicabo unde tempore earum. Sunt eos in omnis velit voluptas quia sequi.', 'pariatur', 'klouis@sfr.fr', 0, '1680-07-20 16:54:24', '0777-06-20 12:28:12', '1369-09-02 06:41:49', 'Maiores illo incidunt eos ut. Iusto inventore consequatur qui voluptates consequatur est. Similique beatae enim necessitatibus quod. Consequatur rerum vel cupiditate et occaecati et. Et voluptas porro repudiandae nemo.'),
(43, 2, 'Danse', 'Brunet S.A.R.L.', 'https://picsum.photos/400/400?image=59', 'http://faivre.com/debitis-numquam-voluptas-dicta-deserunt-vel-voluptates-sit', 'Timor', 'ImbertBourg', 'Laudantium non consectetur qui tenetur sapiente quo. Quaerat non dolorem qui. Ut ea eos cum et.', 'vel', 'qlamy@laposte.net', 0, '1892-08-15 03:18:31', '0197-10-14 19:11:59', '0316-06-28 20:59:21', 'Perferendis molestiae dolor inventore. Esse amet fugiat illum porro. Recusandae sunt ullam aliquid eum quidem id eligendi. Voluptatem quidem aut vitae quos explicabo alias.'),
(44, 2, 'Quincaillier', 'Lemonnier', 'https://picsum.photos/400/400?image=995', 'http://garnier.fr/possimus-dolorum-a-voluptas-in', 'Israël', 'Durand', 'Voluptates autem quibusdam qui aliquam. Similique adipisci in sit in accusantium. Architecto voluptatem dolor est vitae.', 'adipisci', 'pons.suzanne@tiscali.fr', 0, '1348-11-03 11:27:36', '1903-05-24 19:25:33', '1970-08-27 00:03:31', 'Officia vero inventore et error neque. Placeat ut eos sapiente reiciendis et consequatur voluptate quod. Ipsam expedita et officiis corporis corrupti neque.'),
(45, 2, 'Fraiseur mouliste', 'Le Roux', 'https://picsum.photos/400/400?image=157', 'http://morel.fr/molestiae-alias-placeat-at-qui-velit-qui-ut', 'Antigua et Barbuda', 'Fournier-les-Bains', 'Et sunt aut laudantium aut aut eum. Blanditiis porro hic molestias dolorem vel incidunt temporibus. Quo quia ut est sit. Assumenda ullam autem perferendis sed accusantium dolorem.', 'atque', 'helene18@lejeune.com', 1, '0162-12-27 19:53:25', '0571-12-24 04:57:15', '0641-04-09 22:01:56', 'Sunt laboriosam perspiciatis unde non voluptatem harum enim. A quam ea sapiente asperiores unde. Asperiores possimus dicta natus qui rerum. Aut rem ut quod.'),
(46, 2, 'Monteur-truquiste', 'Gros', 'https://picsum.photos/400/400?image=898', 'http://www.chartier.fr/laudantium-sit-nulla-quis-fugiat.html', 'Macau', 'Martin-les-Bains', 'Voluptatem eos ipsam sint officia illum dolor doloribus. Facilis doloremque molestias recusandae asperiores aut voluptatem ea saepe. Cumque quia odit reiciendis.', 'mollitia', 'collin.philippe@hotmail.fr', 1, '0964-06-11 21:23:38', '0165-06-03 06:29:08', '1637-09-01 08:50:23', 'Atque in ullam beatae quia. Magni tenetur tempore dolor fugit aut laudantium dolor. Quis voluptate omnis enim alias alias quia. Unde et cumque nam numquam nam voluptatibus.'),
(47, 2, 'Embouteilleur', 'Le Roux SA', 'https://picsum.photos/400/400?image=33', 'http://ollivier.fr/ipsam-omnis-velit-quae-corporis-illum-distinctio-porro-molestiae', 'Allemagne', 'Maillet', 'Sit fugit quia repellat minus officiis voluptas. Architecto consequatur et in omnis debitis voluptas delectus. Qui est esse dolorem ipsa. Occaecati culpa et incidunt placeat nihil itaque quia.', 'distinctio', 'catherine20@orange.fr', 1, '1057-02-27 07:46:59', '1796-02-05 10:14:23', '0425-01-14 18:54:34', 'Vero debitis eaque itaque. Fuga voluptas in quam enim soluta autem quia. Est delectus nisi veritatis blanditiis iusto facilis fuga. Omnis quasi adipisci ducimus nostrum ullam eligendi. Voluptatem sed exercitationem ut perspiciatis deleniti nam sint perferendis.'),
(48, 2, 'Ouvrier d\'abattoir', 'Chartier', 'https://picsum.photos/400/400?image=590', 'http://poulain.org/', 'Taiwan', 'Antoine-sur-Legros', 'Cum dolorum blanditiis et quia. Fugiat nisi blanditiis molestias magnam veniam necessitatibus. A repudiandae qui vero aut qui neque saepe.', 'accusamus', 'valette.noel@marchand.fr', 1, '0982-11-03 11:35:46', '1344-08-28 11:27:02', '1429-09-19 04:39:21', 'Deserunt voluptatem porro rerum. Illo aut vero nam suscipit ad sunt. Veniam quasi itaque labore. Repellat sed est rerum accusantium id laborum. Non voluptatem quia quia optio.'),
(49, 2, 'Modéliste industriel', 'Etienne', 'https://picsum.photos/400/400?image=257', 'http://guyon.fr/reiciendis-qui-neque-eum-quisquam', 'Bhoutan', 'Boucher', 'Voluptatem nobis facere dolorem excepturi. Quia recusandae est quo expedita ut dolor nemo ipsam. Culpa consequatur error in eligendi molestias ab voluptas.', 'labore', 'madeleine32@georges.fr', 0, '1114-07-14 15:31:48', '1547-11-17 14:27:35', '1384-07-15 03:55:26', 'Quae earum fugiat voluptatem voluptas voluptatum. Quia vero aut facere iusto. Veniam et cum similique voluptatem pariatur eius.'),
(50, 2, 'Scénariste', 'Grenier', 'https://picsum.photos/400/400?image=54', 'http://www.martinez.com/', 'Trinité et Tobago', 'Peron', 'Non dicta facere quidem quae magnam nihil sed. Similique saepe molestiae labore velit voluptatum sequi temporibus. Voluptates possimus consequuntur sint rerum ea fugit voluptatem quisquam. Voluptatibus voluptatibus quia aliquid deserunt nulla sit laboriosam voluptatem.', 'dolorem', 'gcohen@hotmail.fr', 1, '1020-12-29 04:53:37', '0091-05-12 12:52:30', '1296-06-14 05:09:24', 'Amet qui quo architecto optio quia voluptatem. Esse animi sint hic non rerum est. Voluptates aliquam sint voluptas voluptate fugit suscipit.'),
(51, 2, 'Matelassier', 'Huet', 'https://picsum.photos/400/400?image=760', 'http://bouvet.net/labore-maiores-architecto-fugiat-id-est-sit', 'Indonésie', 'Gomes', 'Fuga magnam assumenda sapiente in. Facere cum doloremque rerum velit et enim. Eius porro beatae qui dolor. Exercitationem cum ad a enim aut a. Inventore in assumenda a voluptas labore quis illum.', 'fugiat', 'abaudry@sfr.fr', 1, '1414-11-19 10:19:54', '0301-09-26 14:03:23', '0640-09-30 02:22:31', 'At necessitatibus et aut ab possimus adipisci modi dolorem. Porro doloribus tenetur ea possimus quia tempore quia. Qui eaque impedit rerum est quos.'),
(52, 2, 'Délégué à la tutelle', 'Masse et Fils', 'https://picsum.photos/400/400?image=113', 'http://www.carlier.fr/sit-est-ea-consequuntur-dolore-necessitatibus', 'Syrie', 'Boulay', 'Nihil enim ab voluptas quia aut placeat. Dolorem magnam explicabo alias deserunt. Iure adipisci saepe autem et dignissimos dolores. Non eius ad tempore aspernatur quis.', 'est', 'claude60@alves.fr', 1, '1237-07-17 13:17:05', '1608-02-15 13:22:53', '1571-03-28 07:40:33', 'Est dicta facere et voluptatem quas ea maiores. Et et tempora nesciunt necessitatibus quibusdam. Quia voluptatibus rerum voluptatibus voluptatem voluptate ad libero impedit. Quia odio veritatis odit.'),
(53, 3, 'Juge des enfants', 'Bertin SAS', 'https://picsum.photos/400/400?image=1048', 'http://www.bernard.fr/facilis-quia-rerum-sit-ut-non', 'Macau', 'Dumasnec', 'Libero commodi ut et et et. Non tempore unde quas incidunt in. Asperiores quae atque quia voluptatem. Ut qui ut est sit aliquam.', 'aut', 'qsanchez@lemaitre.fr', 0, '1943-10-03 10:10:57', '0363-05-13 23:27:24', '1385-08-30 13:09:29', 'Quia veniam quibusdam repellat eaque non. Fugiat sed ut similique quasi non deleniti.'),
(54, 3, 'Responsable télécoms', 'Teixeira', 'https://picsum.photos/400/400?image=61', 'http://rocher.fr/minus-in-praesentium-perspiciatis-temporibus-omnis-non-inventore', 'Philippines', 'Vallee', 'Sunt esse cum laborum ut eum accusamus ipsum suscipit. Nihil earum ab fuga perferendis inventore blanditiis. Non nihil doloribus id minus cum rerum.', 'rerum', 'genevieve15@gmail.com', 0, '1829-01-07 07:24:06', '1579-07-27 19:59:57', '0165-05-13 23:28:30', 'Laborum quis et qui vel sint voluptatibus repellendus. Consequatur fugiat dolores provident labore. Earum in sit sed exercitationem. Commodi ut aut neque quae possimus sint.'),
(55, 3, 'Endocrinologue', 'Hamel SAS', 'https://picsum.photos/400/400?image=66', 'http://www.dufour.com/voluptatum-consequatur-saepe-natus-blanditiis-quia', 'Italie', 'Chevalliernec', 'Voluptas vel soluta maiores est rerum laborum nulla. Error aperiam in modi modi enim optio. Repellat ex ipsum est rerum reprehenderit.', 'at', 'susan.masson@laposte.net', 1, '0382-08-23 23:06:58', '1716-10-06 11:30:26', '1576-12-10 02:19:25', 'Suscipit vitae aut quisquam maiores. Vero provident amet repellat sit asperiores et aspernatur corrupti. Aut earum adipisci et error.'),
(56, 3, 'Assistant logistique', 'Gros', 'https://picsum.photos/400/400?image=628', 'http://breton.fr/quisquam-nihil-natus-laboriosam-vel-deserunt', 'Nicaragua', 'Jacob', 'Tempora ratione aut eum est. Ad beatae et sunt et voluptatem ut. Aut placeat laudantium omnis facere quia quae reprehenderit. Eveniet aperiam ex repudiandae velit ut eos et corrupti. Perspiciatis est numquam iusto et velit.', 'qui', 'ileclercq@carre.com', 0, '0058-04-27 23:41:49', '0958-03-16 12:21:06', '0546-06-08 11:35:43', 'Aut adipisci doloremque minima sunt sapiente non. Omnis aspernatur doloribus quo atque officia doloribus recusandae. Quidem atque eum repellendus quia non. Aut fuga id explicabo maxime architecto possimus. Quo recusandae deserunt nihil.'),
(57, 3, 'Pilote de soutireuse', 'Lagarde', 'https://picsum.photos/400/400?image=551', 'http://www.nguyen.net/veniam-necessitatibus-sequi-sit-sunt-eius-dolorem-velit', 'Namibie', 'Perret', 'Ut dicta illo quo fugiat. Qui amet accusamus laudantium rem. Et nihil velit et ea velit.', 'magni', 'jacquet.adelaide@lemaire.net', 0, '1682-04-18 11:10:30', '1735-05-15 08:37:44', '0082-02-17 16:44:41', 'Sit officia reiciendis odit recusandae. Accusamus sit ut dolor error recusandae. Rerum natus omnis qui voluptatem. Reiciendis unde sed officia facilis quam.'),
(58, 3, 'Services funéraires', 'Nicolas', 'https://picsum.photos/400/400?image=380', 'http://www.petitjean.com/ipsum-quibusdam-molestiae-eos-sed-dolor-itaque', 'Uruguay', 'Hubert', 'Qui quia eligendi eligendi quis harum. Quo sed voluptatem a culpa magni. Fugiat consequuntur facere velit odio sint.', 'odio', 'stephane.martel@gaillard.net', 1, '1422-11-04 10:19:10', '0340-04-10 12:35:26', '1499-06-12 09:31:36', 'Nihil eligendi excepturi optio eum libero sit qui maiores. Quia impedit numquam unde ex id animi dolores. Voluptatem qui ut tempora sint. Iste consequuntur modi aut ab tenetur.'),
(59, 3, 'Designer produit', 'Reynaud', 'https://picsum.photos/400/400?image=212', 'http://www.coste.fr/', 'Antarctique', 'Munoz', 'Aliquid hic suscipit et dolorem nam atque rerum. Maiores et quidem voluptatum aperiam fugiat. Nostrum mollitia qui iure debitis praesentium ut.', 'sit', 'troussel@club-internet.fr', 0, '0778-12-24 14:22:58', '1761-03-16 10:02:55', '1560-06-22 12:04:10', 'Quia nobis est reprehenderit nisi eius qui. Debitis doloremque nemo explicabo voluptatem qui eligendi.'),
(60, 3, 'Géologue prospecteur', 'Rocher', 'https://picsum.photos/400/400?image=491', 'https://www.becker.com/perspiciatis-a-sit-possimus-itaque-qui-repudiandae-qui', 'Philippines', 'Letellier', 'Vel labore recusandae dignissimos optio dolore voluptas quos. Rerum quos quaerat aut eum nisi eos. Quam ut expedita nisi porro aut sint enim.', 'dolores', 'qguillou@tele2.fr', 1, '0222-11-28 12:25:33', '1092-12-25 02:01:21', '0593-01-12 15:01:13', 'Dolorem quae doloremque reprehenderit non rerum quia eveniet. Repudiandae modi rerum ad culpa ratione esse quo. Amet exercitationem dolores voluptas consequatur architecto.'),
(61, 3, 'Technicien agricole', 'Godard Lombard S.A.', 'https://picsum.photos/400/400?image=930', 'http://regnier.org/hic-eveniet-perferendis-mollitia-sunt-et-alias', 'Grenade', 'Valette', 'Minima deleniti exercitationem id. Cumque repudiandae sit ut sint sed officiis. Id commodi amet aut accusamus reiciendis.', 'veritatis', 'emmanuelle.mace@hotmail.fr', 0, '0240-06-16 17:16:23', '1496-10-25 08:07:14', '0546-03-28 07:17:00', 'Commodi esse eveniet repellendus et est nobis. Debitis fuga perspiciatis est odio ipsa eius et quam. Ut possimus quia quasi porro voluptatem quae quis quidem. Velit animi similique labore est quo consequatur. Quisquam blanditiis possimus maxime neque sequi.'),
(62, 3, 'Chef des ventes', 'Riou', 'https://picsum.photos/400/400?image=483', 'http://www.potier.org/alias-omnis-consequatur-laboriosam-minima-consequatur-velit-harum.html', 'Nicaragua', 'Brunet-sur-Mer', 'Nesciunt accusantium ut vero quas. Deserunt magni corrupti officia odio ullam amet eius. Tempore dolores voluptatem et perspiciatis iure qui magni. Dolores autem nostrum adipisci veniam.', 'iusto', 'vincent89@bernard.org', 1, '0720-02-03 01:02:21', '0358-02-19 15:21:37', '0161-12-24 16:53:57', 'Quos dolorem alias vel ut ex qui. Sit ipsa sed voluptatem quis aut. Ut at et delectus animi.'),
(63, 3, 'Gardien de résidence', 'Perrot', 'https://picsum.photos/400/400?image=511', 'https://moreno.org/perferendis-temporibus-quasi-asperiores-velit-quasi.html', 'Pays-Bas', 'Dupuis', 'Aliquam odit ratione omnis est quisquam. Amet totam rerum omnis ad quibusdam. Excepturi eos ipsa perspiciatis vitae quia eos et.', 'doloremque', 'mmathieu@wanadoo.fr', 1, '0470-09-22 06:00:45', '0334-01-16 07:18:57', '0753-08-20 03:10:06', 'Impedit quis molestiae eos ratione. Dolorem voluptatum repudiandae molestiae maxime. Quam consequatur dolore perferendis.'),
(64, 3, 'Armurier spectacle', 'Perrin Fernandes SAS', 'https://picsum.photos/400/400?image=356', 'https://faivre.fr/et-laudantium-distinctio-perferendis-aperiam.html', 'Vietnam', 'Aubry', 'Porro ab nulla accusantium et. Nobis magnam praesentium nostrum aliquam laudantium aut fugiat. Placeat eum aut eum excepturi impedit ex. Qui nobis non enim.', 'totam', 'arnaud.constance@toussaint.fr', 1, '1517-12-08 11:28:15', '1525-11-25 16:58:42', '0603-07-02 22:45:28', 'Officiis iste quis enim porro aperiam id incidunt exercitationem. Neque consectetur sint enim cum nemo accusamus consequatur.'),
(65, 3, 'Ingénieur bâtiment', 'Pottier', 'https://picsum.photos/400/400?image=104', 'http://www.normand.org/voluptas-inventore-libero-ex-qui', 'Jordanie', 'Maillot', 'Ut deleniti quaerat occaecati quae cumque veniam. Voluptates labore adipisci numquam fugit occaecati. Ut temporibus dolores aut quo officia soluta.', 'asperiores', 'elodie.marques@wanadoo.fr', 0, '0427-03-31 12:31:45', '1096-07-29 19:57:40', '1497-03-14 01:37:30', 'Veritatis qui totam error molestias a. Recusandae architecto maxime explicabo eligendi. Tempora nulla non sed distinctio quis alias consequatur. Unde ea inventore voluptatem ut non possimus.'),
(66, 3, 'Extraction', 'Denis', 'https://picsum.photos/400/400?image=645', 'http://perret.org/cupiditate-vel-nemo-dolore-voluptates-asperiores-ipsum', 'Géorgie du Sud et Sandwich du Sud (Îles)', 'Pereira', 'Sapiente natus distinctio nihil. Nisi consequatur eaque est. Neque illum aut fuga.', 'officia', 'louis.rossi@orange.fr', 1, '0856-09-08 00:38:55', '0780-07-27 03:03:37', '1315-10-07 00:01:31', 'Possimus enim consequatur recusandae voluptate. Amet aut quae enim nostrum. Dolores velit qui totam amet reiciendis aspernatur occaecati.'),
(67, 3, 'Designer produit', 'Vidal', 'https://picsum.photos/400/400?image=818', 'http://www.marie.org/quae-illum-eum-perspiciatis-iure-non', 'Vanuatu', 'Reyboeuf', 'Assumenda repellat et dolor consequatur facilis autem. Porro harum consectetur dolor consectetur occaecati ullam. Totam molestias officia sapiente ea doloremque quia.', 'quia', 'anais33@huet.org', 1, '0031-04-27 22:29:19', '0383-01-12 06:21:36', '0089-04-12 15:48:26', 'Ipsa et vitae magnam ullam sunt deleniti ea. Vitae quam quo vel hic cum consequatur consequuntur.'),
(68, 3, 'Palefrenier', 'Leclercq SARL', 'https://picsum.photos/400/400?image=342', 'http://www.clerc.fr/laboriosam-nesciunt-quo-est-inventore-autem-et-ullam', 'Kirghizistan', 'Wagner-sur-Rocher', 'Quia est voluptatem velit ut voluptas provident velit. Fugiat quibusdam earum qui aut. Eaque minima non consectetur dolor.', 'perspiciatis', 'gmunoz@lebon.fr', 0, '1029-12-21 13:56:29', '0173-01-16 06:27:42', '1782-01-11 01:38:20', 'Omnis sed iure perspiciatis sapiente voluptatem dolorem tempore ipsa. Architecto omnis placeat excepturi nihil fugit ut. Enim totam fugiat aperiam ut qui nam.'),
(69, 3, 'Danse', 'Dias Barthelemy SARL', 'https://picsum.photos/400/400?image=774', 'https://www.roger.fr/iusto-ut-consequatur-nemo-voluptatum-voluptates-et-et', 'Svalbard et Jan Mayen (Îles)', 'Marchal-sur-Dos Santos', 'Eius deleniti est aliquam. Sed corrupti voluptatibus nihil beatae. Molestiae quis aut deserunt laboriosam. Officia aut omnis molestiae.', 'et', 'roland.dasilva@garnier.fr', 1, '0485-03-07 04:41:16', '0124-11-14 22:13:14', '1540-08-10 03:35:46', 'Cumque modi ut at autem corrupti sunt. Corrupti officiis qui voluptatibus quasi perspiciatis voluptas quo. Aut dolor rerum enim est quae placeat. Aut dolorum error sed minima culpa qui optio.'),
(70, 3, 'Designer produit', 'Michel', 'https://picsum.photos/400/400?image=653', 'http://www.dacosta.com/rerum-quis-voluptas-minus-nostrum-cum-natus-tenetur', 'Koweit', 'Cohen', 'Quasi ut doloribus at ea ut sint error consequuntur. Laboriosam est non est magnam quidem inventore nesciunt earum.', 'rem', 'patricia45@brunel.com', 0, '0196-04-14 10:43:28', '1899-08-04 21:46:17', '1720-05-01 03:33:33', 'Voluptate eum ut dolorem sed velit porro sit. Porro debitis ullam tempore delectus sunt voluptatibus debitis. Dolorum est minima at est laborum et enim. Est non ab consectetur possimus deleniti qui.'),
(71, 3, 'Sommelier', 'Bernard Descamps S.A.R.L.', 'https://picsum.photos/400/400?image=577', 'http://gaudin.fr/', 'Estonie', 'Brunel-sur-Gerard', 'Tempora officia itaque iusto magni quam. Vel alias similique et. Eaque debitis temporibus magnam sed atque rem dolor praesentium. Debitis aut vitae omnis minus ex repellendus repellat.', 'reiciendis', 'inicolas@tiscali.fr', 0, '0958-06-19 11:55:36', '0875-05-22 14:53:25', '0090-10-18 08:02:00', 'Ipsa sunt accusantium dolorem est est. Earum in saepe debitis autem quisquam accusamus distinctio. Nihil corrupti sunt dicta sed non consequuntur.'),
(72, 3, 'Commandant marine', 'Rodrigues', 'https://picsum.photos/400/400?image=735', 'http://hernandez.fr/sit-velit-et-adipisci-sint-et.html', 'Saint-Marin (Rép. de)', 'Parent', 'Rerum doloremque assumenda at rerum deleniti. Modi est sed nisi nostrum quidem qui. Sed quia maiores nisi est quod. Nihil possimus eligendi veritatis quia quo minima.', 'placeat', 'achevallier@bourdon.org', 1, '1322-06-12 09:11:58', '1084-01-04 06:26:29', '1662-03-24 07:19:33', 'Et rerum perferendis quia perspiciatis dignissimos enim eos. Reprehenderit odit voluptatem minima sed aperiam sapiente. Mollitia ratione reiciendis harum eveniet voluptas necessitatibus.'),
(73, 3, 'Vendeur en épicerie', 'Leroy S.A.S.', 'https://picsum.photos/400/400?image=495', 'http://renaud.com/repellat-aperiam-et-possimus-fuga-voluptatem-nostrum-quisquam', 'Paraguay', 'Gilles', 'Molestias sit dolores eveniet. Vel molestiae rerum vero cumque ipsam omnis suscipit. Tempora aut cumque est similique.', 'exercitationem', 'pauline95@levy.org', 1, '0107-07-20 21:34:29', '1785-09-07 03:13:44', '0485-04-16 00:20:29', 'Soluta sapiente ut ipsam distinctio saepe voluptatum. Cum fuga modi excepturi. Suscipit consequatur voluptas voluptatem.'),
(74, 3, 'Surjeteur-raseur', 'Thomas SAS', 'https://picsum.photos/400/400?image=169', 'http://brunel.fr/excepturi-consequatur-dolorem-non-eius-ut-perspiciatis', 'Antarctique', 'PoirierVille', 'Ducimus quaerat et vel qui aut suscipit. Voluptatem atque delectus cumque veniam at nulla quidem. Autem labore laudantium deserunt qui. Aut expedita accusamus dolor ducimus. Aspernatur vero dicta et quia minus temporibus.', 'ut', 'henri10@noos.fr', 0, '0460-08-30 05:26:34', '0279-05-21 07:44:05', '1662-08-14 23:13:21', 'Ut ut itaque hic aut. Sed eligendi quaerat sint quo. Nisi eaque omnis ipsa sit distinctio aliquid. Aut fugiat veniam repudiandae praesentium iste veniam et.'),
(75, 3, 'Vendeur carreau', 'Gaillard SAS', 'https://picsum.photos/400/400?image=703', 'https://www.roy.fr/eveniet-consequuntur-ea-quisquam', 'Israël', 'Bousquet', 'Cum dolor tenetur temporibus. Ullam aut eos suscipit.', 'repudiandae', 'cbonneau@hamon.fr', 0, '0489-08-21 19:17:11', '1012-11-07 19:55:12', '1128-08-14 02:46:17', 'Enim numquam hic quod. Fuga et eos quae eum eum enim. Sint nihil ut quae aut dolores et et. Itaque ullam eos dolor dolorem sit similique. Commodi magni dolorem quisquam deleniti architecto.'),
(76, 3, 'Photographe d\'art', 'Descamps', 'https://picsum.photos/400/400?image=487', 'https://www.lecoq.com/est-aut-ex-rem', 'Hongrie', 'Nguyen', 'Aut quos dolorum sit dolor. Quia labore odio accusamus facilis voluptates quod omnis. Rem minima itaque ut commodi.', 'hic', 'afernandez@bouvet.fr', 1, '1987-05-05 16:42:52', '1917-07-22 11:58:16', '0290-06-06 03:48:04', 'Enim saepe repudiandae eius voluptatem odit impedit atque. Dolore impedit qui corrupti consequatur.'),
(77, 3, 'Eleveur de volailles', 'Rodriguez', 'https://picsum.photos/400/400?image=1072', 'http://www.briand.com/rerum-sed-corrupti-aut-enim-quia-et-quo.html', 'Burundi', 'Mailletdan', 'Dolor sed cupiditate esse exercitationem. Est autem quasi culpa. Ut omnis recusandae cumque ad ipsa quae. Unde ullam ea rem.', 'voluptatem', 'duval.josette@legall.org', 1, '1008-11-03 00:39:23', '0886-01-07 21:25:37', '0608-08-15 13:09:59', 'Itaque numquam sed quia eveniet sint nesciunt aut est. Et architecto occaecati qui nostrum enim dolorum. Ut eos non quasi fugit numquam excepturi qui. Ipsa doloribus aspernatur illo ut.'),
(78, 3, 'Animateur d\'écomusée', 'Morin SAS', 'https://picsum.photos/400/400?image=1031', 'http://www.dasilva.com/', 'Palau', 'Peltier', 'Explicabo at nihil reprehenderit ducimus. Et assumenda ab dolorem minima eligendi. Deserunt est voluptatibus tempore tempore. Deleniti praesentium aut quo non praesentium.', 'quo', 'william29@noos.fr', 0, '1531-10-05 09:53:33', '0654-05-07 11:39:04', '1174-02-11 15:24:08', 'Quo sunt ex natus et voluptates mollitia dolores. Quod saepe beatae molestias consequatur rerum pariatur. Similique officiis expedita optio magnam dolores. Qui ducimus optio repellendus atque quod neque. Quaerat maiores est beatae.'),
(79, 4, 'Cintrier-machiniste', 'Leclercq Fournier S.A.R.L.', 'https://picsum.photos/400/400?image=672', 'https://thibault.com/ut-neque-accusantium-maxime-atque-qui.html', 'Argentine', 'Payetboeuf', 'Sint voluptas laboriosam illo nesciunt. Aut corporis aut neque asperiores id. Itaque consequatur ut placeat sint.', 'eligendi', 'mdelahaye@laposte.net', 0, '0257-06-07 13:48:01', '2002-09-10 03:12:55', '0323-11-04 16:42:03', 'Harum rerum sunt cumque corrupti et ipsa libero. Vitae enim velit veritatis impedit corporis. Perferendis enim cupiditate eligendi. Provident sapiente architecto quisquam qui et. Adipisci quia debitis quia minus molestias.'),
(80, 4, 'Chanteur', 'Michel Le Roux S.A.R.L.', 'https://picsum.photos/400/400?image=613', 'http://www.pruvost.org/distinctio-tempore-ratione-eveniet-rerum-et-maxime.html', 'Vierges britanniques (Îles)', 'Caron', 'Rerum voluptate doloribus quae nisi fuga et. Laborum iste rerum sequi quos. Tenetur excepturi sed nobis autem. Itaque praesentium ratione unde quia qui expedita iste.', 'libero', 'alexandrie87@orange.fr', 1, '0411-11-29 10:48:30', '0638-01-27 21:37:58', '0053-04-19 09:29:11', 'Tempore ut tenetur et aut aliquam nisi. Possimus aliquid unde ex sapiente perferendis saepe. Odit et dolor quidem nam optio corrupti.'),
(81, 4, 'Maçonnerie', 'Pereira SA', 'https://picsum.photos/400/400?image=1067', 'http://alves.com/vero-rerum-magni-laborum-itaque-incidunt-cumque-excepturi', 'Micronésie (États fédérés de)', 'Thomas', 'Possimus repellendus libero cumque eligendi ipsam fuga. Hic quia cumque sequi tempora veniam deleniti. Qui perspiciatis qui at natus non.', 'corrupti', 'astrid.louis@hotmail.fr', 1, '0282-11-11 05:06:56', '1696-10-28 11:14:32', '0670-05-08 20:45:10', 'Commodi aut voluptas et deleniti voluptatem sit rem aut. Rerum minus sit expedita et. Maiores voluptates at et et dolorum expedita fugiat sed. Laudantium nihil sequi ex cum mollitia in.'),
(82, 4, 'Chansonnier', 'Gerard', 'https://picsum.photos/400/400?image=63', 'http://sanchez.fr/modi-natus-facere-error-minima-in-eos-ea', 'Maurice', 'MarionVille', 'Et perspiciatis ut voluptatem enim ut voluptatem. Similique laborum fugiat molestiae quae ut explicabo. Enim et at molestiae rerum quia.', 'vitae', 'constance11@yahoo.fr', 0, '1420-04-18 16:03:45', '1266-08-26 11:43:11', '1528-03-14 06:16:02', 'Omnis deserunt natus velit at et fuga facilis. A nobis at minus nobis. Eius aut vel mollitia recusandae sint sint.');
INSERT INTO `jobs` (`id`, `categorie_id`, `contrat`, `entreprise`, `logo`, `url`, `pays`, `lieu`, `description`, `token`, `email`, `active`, `expire`, `created`, `updated`, `postuler`) VALUES
(83, 4, 'Parfumeur', 'Lebon', 'https://picsum.photos/400/400?image=53', 'http://robert.com/aliquid-tempora-laudantium-molestiae-aperiam-deleniti-ut-harum.html', 'Îles Mineures Éloignées des États-Unis', 'Cohen', 'Aut voluptates vel aut tempora consequuntur vel officiis. Provident quis ipsa facilis nihil. Nihil adipisci dolores ut doloremque odit dicta eligendi qui.', 'quasi', 'qblanchet@seguin.net', 1, '1006-06-30 04:11:12', '0639-02-26 18:01:31', '1003-05-13 06:14:10', 'Odio maxime aliquam aut ratione deleniti eaque voluptatem. Impedit et mollitia rerum aliquam delectus fuga. Ab et quidem enim ut sapiente ea reiciendis ullam. Et doloremque eaque est totam et. Sunt perspiciatis mollitia sint dicta.'),
(84, 4, 'Garçon de hall', 'Diallo S.A.R.L.', 'https://picsum.photos/400/400?image=684', 'http://www.morel.fr/totam-fugiat-nesciunt-corrupti-sint-est-voluptate-esse', 'Mauritanie', 'Lesage', 'Iure quia vero ex fugit expedita in. Asperiores nihil nulla enim unde quis voluptas et. Occaecati quisquam et esse temporibus voluptas aliquid. Et velit sunt delectus animi voluptate sed aut.', 'repellat', 'marques.renee@orange.fr', 0, '1906-08-14 04:23:28', '0106-02-09 07:28:39', '1896-06-27 14:58:29', 'Corrupti tenetur voluptate consequatur vel voluptas eius voluptatem quia. Dolorum ipsum voluptas iure soluta repellendus voluptatem quidem. Numquam sunt voluptatem et ex deleniti.'),
(85, 4, 'Assistant des ventes', 'Pages Dupont SARL', 'https://picsum.photos/400/400?image=1000', 'http://www.pasquier.org/', 'Sierra Leone', 'Bazinboeuf', 'Reprehenderit eum veniam rerum nihil deserunt sed. Autem nemo eveniet sed sit consequatur omnis quaerat ut. Iusto eos aut dicta sed.', 'aliquam', 'timothee95@gauthier.fr', 0, '1409-08-13 07:42:58', '0524-11-12 13:05:30', '1104-02-17 15:19:50', 'Dolor odio perspiciatis laborum. Qui deleniti eius ab laborum beatae laborum velit. Aut voluptatibus molestiae eligendi dignissimos. Ipsa rerum voluptas animi voluptatem molestiae beatae.'),
(86, 4, 'Juriste financier', 'Marchand', 'https://picsum.photos/400/400?image=87', 'http://pires.fr/similique-aut-nihil-voluptas-quisquam-rerum', 'Roumanie', 'Royer', 'Nemo cumque suscipit et eos veritatis. Est deleniti quos sint perspiciatis nihil saepe atque.', 'sequi', 'emilie.jean@voila.fr', 1, '0242-04-14 21:47:50', '0292-06-01 18:23:53', '1763-02-19 22:31:31', 'Provident voluptatem modi sed eveniet eos. Qui fugit qui ipsum enim alias.'),
(87, 4, 'Hydrothérapie', 'Fernandes', 'https://picsum.photos/400/400?image=16', 'http://foucher.com/autem-ad-dicta-fugit-deleniti-esse', 'Macédoine', 'Lucas', 'Eum ea voluptatem voluptas amet nisi qui. Quis provident ut modi illum earum sit autem.', 'in', 'christelle45@ifrance.com', 1, '1949-03-17 14:48:02', '1075-02-13 03:18:44', '1083-03-08 14:45:59', 'Numquam iure corrupti harum. Quae voluptas minima itaque maxime. Cum eius beatae dolor cum eos error.'),
(88, 4, 'Employé de snack-bar', 'Garcia', 'https://picsum.photos/400/400?image=78', 'https://letellier.fr/voluptatem-iusto-excepturi-dolorem-voluptates.html', 'Timor', 'Bigot', 'Corporis aut veniam dolores qui. Quas est ea beatae quia enim. Deserunt dolores adipisci consectetur rerum. Qui officia rerum iste quo autem.', 'velit', 'tmeunier@ifrance.com', 1, '1856-07-04 10:03:37', '0390-09-25 02:31:30', '0932-12-01 02:03:57', 'Dolor deserunt esse distinctio dicta ut. Quia eum eius enim consequuntur hic a molestiae est. Est soluta voluptatem perspiciatis rerum porro. Adipisci rem beatae aspernatur.'),
(89, 4, 'Projeteur béton armé', 'Lacombe Thierry S.A.', 'https://picsum.photos/400/400?image=52', 'http://www.moreno.com/corporis-natus-sed-quasi-debitis', 'Ouzbékistan', 'Arnaud', 'Quaerat autem et corporis cupiditate. Est tenetur facere dolor voluptatem provident. Consequatur error corporis minima.', 'vero', 'tgomez@lopez.fr', 0, '0459-04-26 06:39:46', '1858-03-23 08:45:59', '0879-06-01 20:34:54', 'Quia ut eveniet debitis maiores. Repellendus ducimus a ipsam. Dolores rerum animi ducimus expedita et sit. Et ut accusantium porro.'),
(90, 4, 'Stucateur', 'Guichard', 'https://picsum.photos/400/400?image=23', 'http://lacroix.org/', 'Inde', 'ValletBourg', 'Eius reiciendis laboriosam doloribus est aspernatur. Sapiente tenetur dolore quidem distinctio. Fugit accusantium dolorem molestiae cum autem laboriosam saepe.', 'molestias', 'cecile.dubois@louis.fr', 1, '1134-06-14 12:57:52', '0826-12-29 15:39:40', '0540-06-17 01:43:03', 'Animi similique repellat debitis pariatur excepturi enim. Distinctio sit nobis aut iste ipsum doloremque.'),
(91, 4, 'Formateur d\'italien', 'Olivier', 'https://picsum.photos/400/400?image=660', 'http://perrier.org/', 'Autriche', 'Cousin', 'Error ut repellendus non est. Porro eos voluptatum laborum veniam reprehenderit enim iure sequi. Sed ad ea voluptatem omnis magnam.', 'animi', 'gillet.richard@orange.fr', 0, '0305-06-26 05:41:08', '1097-01-10 12:50:52', '1262-05-31 20:51:15', 'Adipisci dolore pariatur sunt et. Provident similique voluptatem officiis sapiente omnis. Qui dolor dolores non ab esse sunt sunt. Ipsa id aspernatur porro pariatur sed perspiciatis.'),
(92, 4, 'Archéologue', 'Blondel Jourdan SARL', 'https://picsum.photos/400/400?image=556', 'https://www.torres.com/sint-perferendis-dolorem-quas-ea', 'Laos', 'Da Costanec', 'Sunt molestiae et delectus. Quia consequatur nulla sit id error magnam. Accusamus totam facere sed quos.', 'tempore', 'eleonore.leconte@tiscali.fr', 1, '0738-03-15 15:03:17', '0091-02-15 06:16:17', '2018-02-21 13:16:03', 'Molestiae autem est asperiores minus sit perspiciatis nihil velit. Eum suscipit unde quo velit sint. Sit est consequatur adipisci numquam. Non nobis et commodi et.'),
(93, 4, 'Géomètre', 'Benoit Guyon S.A.', 'https://picsum.photos/400/400?image=161', 'http://www.gosselin.fr/consequatur-pariatur-et-quis-ratione-et', 'Égypte', 'Raymond', 'Ratione quas sapiente tempore. Enim vel natus sit omnis. Nihil ducimus eum in et quas praesentium aut. Nihil nemo eligendi accusantium et quidem. Fugiat in ea quia neque atque iure dolorem.', 'quia', 'therese.millet@mary.fr', 0, '1730-11-20 06:25:01', '0800-08-18 00:23:36', '0534-12-09 05:43:56', 'Et et sint distinctio est consequatur laudantium omnis. Mollitia impedit esse soluta officiis maxime quod nostrum. Sint enim repudiandae error. Ut nobis molestiae quod facere.'),
(94, 4, 'Sophrologue', 'Dupuy Gonzalez S.A.R.L.', 'https://picsum.photos/400/400?image=883', 'http://bouvier.com/voluptatum-dicta-iusto-est-quas', 'Mongolie', 'Gros', 'Aut in et ut odit perferendis ducimus aut. Mollitia eos cumque inventore sunt voluptatibus. Repellat sed facilis atque cum quia dolor quo illo.', 'deleniti', 'bouvet.camille@riviere.org', 0, '0747-03-18 22:36:57', '1626-10-06 23:53:44', '0077-06-20 21:56:53', 'Explicabo rerum culpa occaecati optio cumque quos minima. Et eaque odio eos magnam. Vitae ut enim beatae et voluptas eligendi aut. Laudantium quaerat qui non dolorem velit nemo at.'),
(95, 4, 'Responsable de salle', 'Aubry Colin SAS', 'https://picsum.photos/400/400?image=441', 'http://www.becker.com/', 'Allemagne', 'Diaz', 'Nihil debitis eligendi sed et voluptatem distinctio. Illo architecto commodi deserunt nihil. Quia aut ad nesciunt sint alias omnis.', 'fuga', 'ppottier@sfr.fr', 0, '1510-06-07 05:50:55', '0551-05-30 03:59:50', '1079-07-19 23:47:34', 'Sit tempore dolorem corrupti dicta quod saepe. Beatae quam ut voluptates omnis. Iusto ut necessitatibus asperiores earum soluta placeat reiciendis aspernatur.'),
(96, 4, 'Expert back-office', 'Rodrigues SARL', 'https://picsum.photos/400/400?image=179', 'http://letellier.net/vel-officiis-vero-sed-rem', 'Émirats arabes unis', 'Dupuy', 'Temporibus odit quos veritatis aperiam qui dolores. Animi sunt facilis laboriosam ut aut ducimus quia. Et cum deserunt laboriosam eligendi.', 'voluptatem', 'abonnin@bouygtel.fr', 1, '1580-05-20 09:36:12', '0380-11-16 18:25:59', '0762-10-27 19:17:59', 'Dolorem amet soluta vel laborum. Laboriosam et repellat qui eos impedit quis. Est in libero sed odio consequatur minus.'),
(97, 4, 'Facteur de secteur', 'Charrier Baudry S.A.', 'https://picsum.photos/400/400?image=1059', 'https://dossantos.com/in-quia-perferendis-voluptatum-saepe-suscipit-voluptatem-dignissimos.html', 'Pakistan', 'Labbe-sur-Lejeune', 'Aliquam facilis eius atque earum et tempora. Qui non mollitia iusto ab maxime. Quas ut culpa quidem recusandae amet ipsum porro eligendi. Eum non architecto tempore ut.', 'consectetur', 'pleroux@pineau.net', 0, '0802-09-12 11:54:35', '0040-08-09 12:12:37', '1232-08-27 11:31:38', 'Ut quasi est repudiandae. Et beatae consequatur et accusamus molestiae illo aliquid. Explicabo quia quaerat hic impedit sed in. Iusto laboriosam sed tenetur quo voluptas laborum at.'),
(98, 4, 'Maître de ballet', 'Bouvet Gros SAS', 'https://picsum.photos/400/400?image=570', 'http://dumont.com/excepturi-aut-voluptatibus-quae.html', 'Finlande', 'Besson', 'Eos ab eligendi perspiciatis suscipit dolore repellat. Qui quos vero quis cumque quas molestiae. Laudantium sed et laboriosam facilis sapiente. Ab aut ut nemo ut inventore quos cum.', 'numquam', 'kblot@ifrance.com', 0, '1680-12-06 21:52:05', '0705-03-27 14:04:42', '0955-08-11 13:54:58', 'Ipsum harum perferendis perspiciatis aut. Recusandae debitis placeat quisquam doloribus sit dicta veniam. Dolores tempore praesentium modi deserunt iste culpa ea cumque.'),
(99, 4, 'Scannériste', 'Moreno Benard S.A.', 'https://picsum.photos/400/400?image=862', 'http://texier.fr/culpa-rerum-libero-maxime.html', 'Danemark', 'Aubry', 'Eos iure architecto dicta aut eveniet odio non. Voluptatem totam reiciendis dolores aut. Dolor veritatis molestiae nihil fugit natus. Est sint nemo optio consequatur.', 'perferendis', 'jacquet.edith@hotmail.fr', 1, '0638-02-11 11:38:36', '1385-06-05 02:46:18', '1687-06-10 17:46:03', 'Sed eum quia sed ut. Dolores et ex et.'),
(100, 4, 'Technicien plateau', 'Lebon', 'https://picsum.photos/400/400?image=406', 'https://www.delaunay.com/culpa-nihil-quia-qui-unde-quisquam', 'Gabon', 'Dijoux', 'Officia laudantium nam et nihil assumenda. Et ut fuga ipsa repellat fuga officia est. Doloribus est exercitationem ipsa porro.', 'cum', 'chauveau.margot@vaillant.com', 1, '0126-01-05 01:07:13', '1690-10-01 13:28:00', '1970-05-15 06:03:31', 'Fugiat nam odit veritatis animi earum sapiente. Asperiores vitae odio nobis. Est earum repudiandae repellendus illo ut. Quidem possimus minus quos unde saepe.'),
(101, 4, 'Sculpteur sur verre', 'Remy Leclercq SAS', 'https://picsum.photos/400/400?image=115', 'http://www.martins.fr/', 'Swaziland', 'Leclercq-sur-Mer', 'Autem quia velit eligendi officia vel officia sit. Velit architecto ex nisi aliquam. Aperiam et atque alias est unde velit. Ratione libero pariatur enim.', 'veniam', 'maggie18@andre.com', 0, '0948-06-03 17:45:03', '1660-03-30 01:12:19', '0160-11-13 05:14:01', 'Quis laudantium odit ut excepturi. Voluptas natus assumenda accusantium qui tempore assumenda.'),
(102, 4, 'Agent de curage', 'Imbert SA', 'https://picsum.photos/400/400?image=770', 'http://costa.com/', 'Malaisie', 'Bernier-la-Forêt', 'Laudantium ducimus quisquam temporibus similique at omnis sunt. Corporis debitis repellendus eos omnis illum. Unde quia facilis et ipsum.', 'qui', 'louise.moreno@lacombe.fr', 0, '0537-10-29 11:02:40', '1889-09-24 17:47:29', '0998-04-10 23:42:26', 'Quia sed quisquam velit pariatur quibusdam et et. Error asperiores aut amet dolorem exercitationem. Nobis repellendus unde ut est nemo voluptatem aut quibusdam. Alias ut neque explicabo sunt ex omnis saepe. Maxime eos exercitationem sed aut incidunt voluptas.'),
(103, 4, 'Ingénieur logistique', 'Becker', 'https://picsum.photos/400/400?image=183', 'http://www.weiss.fr/', 'Vatican (Etat du)', 'Lefebvre', 'Dolorem ad veniam ipsam. In nobis inventore recusandae. Quas repudiandae et nesciunt et ut omnis voluptatum.', 'sed', 'robert.bazin@laposte.net', 0, '1395-02-19 18:49:15', '1139-11-19 12:30:51', '1936-08-15 19:55:32', 'Magnam autem consectetur adipisci nostrum. Minus iste mollitia veritatis.'),
(104, 4, 'Chef de fabrication', 'Dumas', 'https://picsum.photos/400/400?image=580', 'http://www.rousset.fr/non-ex-ipsa-et-nisi-possimus', 'Yemen', 'DijouxVille', 'Sed quam omnis recusandae inventore. Eaque voluptatum est doloribus occaecati nisi.', 'error', 'iroy@chretien.org', 1, '1635-09-14 04:14:01', '0879-02-25 11:27:26', '1555-02-09 17:02:24', 'Voluptas aspernatur architecto suscipit voluptas et nam voluptas. Sunt quo labore quidem quas natus ea minima illum. Aut dolor a sed provident eos quia. Quo itaque atque repudiandae magni eaque.'),
(105, 5, 'Gérant d\'hôtel', 'Hoarau', 'https://picsum.photos/400/400?image=1031', 'http://www.bertin.com/reprehenderit-eum-omnis-illo-illum-adipisci.html', 'Vietnam', 'Potier', 'Qui in quasi alias quae. Nisi neque nesciunt ut quibusdam. Sequi est quas sit voluptatem dolor et exercitationem. Qui voluptas non nostrum saepe aliquid doloribus. Eum quia sit quae rerum suscipit ex praesentium.', 'repellat', 'techer.michel@orange.fr', 0, '1829-07-27 18:23:15', '0169-01-14 11:11:52', '0796-08-23 03:39:10', 'Qui adipisci est vitae dolores est quas quas inventore. Adipisci ad pariatur dicta aut quisquam. Quia distinctio unde maxime qui voluptatem. Esse omnis perferendis minus eum eos dolor totam.'),
(106, 5, 'Net surfeur surfeuse', 'Robert', 'https://picsum.photos/400/400?image=292', 'http://lemaire.fr/nihil-rem-temporibus-pariatur-cum-aperiam-est', 'Brunei', 'Gautier-sur-Maillet', 'Quo modi ab modi quo in. Et ipsum non omnis aut. At earum numquam asperiores ipsa. Repellat qui sit quia enim ipsa ullam.', 'libero', 'adele12@club-internet.fr', 1, '0323-02-24 22:16:45', '0527-11-13 03:08:32', '1736-07-19 00:41:57', 'Repellat molestiae voluptatem quas. Eaque officiis quia similique porro blanditiis. Et voluptatibus in enim aperiam quos sequi. Amet cum amet quod adipisci quia laborum.'),
(107, 5, 'Agent d\'accueil', 'Bonneau', 'https://picsum.photos/400/400?image=698', 'http://rocher.com/enim-quos-minus-consequatur-labore.html', 'Aruba', 'MassonBourg', 'Unde at et a. In consequatur rerum qui non rerum qui. Qui ab reiciendis fuga dolores libero nobis. Voluptatem praesentium numquam nemo sed recusandae. Ab doloremque cum nulla non doloremque voluptatibus ipsa saepe.', 'vel', 'philippine.dossantos@marchal.org', 0, '1396-02-19 03:40:41', '1799-01-05 09:06:34', '0106-10-10 04:47:52', 'Laboriosam consequatur rerum odio sit. Vitae quo voluptas est quasi. Omnis ab est illo sint et quisquam quos.'),
(108, 5, 'Oenologue', 'Guerin Cousin S.A.S.', 'https://picsum.photos/400/400?image=811', 'http://garcia.org/praesentium-rerum-amet-non-iusto-ad-ad.html', 'Guyane française', 'Arnaud-les-Bains', 'Nobis nesciunt et non autem ut. Rerum illo et dolores nihil omnis distinctio eaque. Nihil ipsam quod pariatur assumenda ratione possimus.', 'occaecati', 'alves.valentine@techer.com', 0, '1108-10-04 16:49:42', '0816-09-03 13:03:01', '1092-05-12 05:04:12', 'Rerum ut incidunt est doloremque. Qui qui nobis aut magni deserunt provident et. Nihil unde pariatur libero vel sunt voluptates. Ea porro nobis atque mollitia voluptas nesciunt dignissimos.'),
(109, 5, 'Mouliste drapeur', 'Da Silva', 'https://picsum.photos/400/400?image=912', 'http://www.jacquot.fr/delectus-aut-voluptas-reiciendis-fugiat-nihil-repellendus.html', 'Libéria', 'Delannoy', 'Quis velit quidem deleniti non et odio quisquam. Rerum aut voluptatem dolores et reiciendis. Voluptatem non quis tempora et qui veritatis nulla. Non sequi nisi occaecati at.', 'quas', 'jacquot.etienne@club-internet.fr', 0, '0595-04-08 07:32:48', '0965-03-22 16:51:37', '0158-06-06 23:41:44', 'Ipsa adipisci praesentium aliquam maiores perferendis exercitationem. Autem iure nihil ut aut est architecto. Veniam dignissimos mollitia quia reiciendis. Laudantium ut mollitia unde non eum sed.'),
(110, 5, 'Manager d\'artiste', 'Lacombe', 'https://picsum.photos/400/400?image=188', 'https://www.allard.org/quae-dicta-sunt-laboriosam-quam-autem', 'Zaïre', 'Jourdan-sur-Ramos', 'Quia ut natus aut sed. Cumque aut laudantium et totam. Maxime dolorem ex ducimus totam et ipsam.', 'maiores', 'francoise.bertrand@ifrance.com', 0, '0440-04-29 17:47:39', '1701-12-17 13:29:55', '1112-08-05 00:06:41', 'Numquam voluptas quo nihil corporis. Qui ipsa odio totam minima voluptatem. Inventore sint qui aut quia totam.'),
(111, 5, 'Guitariste', 'Mendes SA', 'https://picsum.photos/400/400?image=85', 'http://besnard.fr/dolorum-autem-deleniti-iure-deserunt-neque', 'Malawi', 'Germain', 'Repellat eveniet animi reprehenderit vitae. Qui quia minus consequatur non et ut ratione. Odio voluptatibus rerum vero aut. Laborum ut eum saepe nihil non non laudantium qui.', 'debitis', 'eugene.bodin@bouchet.com', 0, '0549-07-24 06:55:16', '0934-06-15 05:06:14', '1274-06-12 07:50:15', 'Vitae dolore impedit qui ratione excepturi. Provident accusantium harum temporibus libero. Id voluptates reprehenderit et unde.'),
(112, 5, 'Vendeur en lingerie', 'Delaunay', 'https://picsum.photos/400/400?image=538', 'http://perrin.com/temporibus-deserunt-et-rerum-pariatur-sint-nobis.html', 'Pologne', 'Bonnet', 'Atque voluptatibus quam magni tempora. Dolorum quibusdam incidunt voluptates consequuntur et voluptas quos.', 'ut', 'martel.michel@picard.fr', 0, '1322-06-13 06:14:35', '1052-02-01 20:01:20', '0110-09-01 00:42:18', 'Officiis iste est est neque. Et quis aliquam exercitationem ut velit. Ducimus quia voluptas aliquam sint neque. Incidunt nemo est harum sint hic magni illum. Architecto nam adipisci ipsa cupiditate.'),
(113, 5, 'Ambassadeur', 'Charpentier', 'https://picsum.photos/400/400?image=57', 'https://www.pierre.fr/et-veniam-sit-nam-delectus', 'Afghanistan', 'Roy', 'Quaerat veniam et modi expedita deserunt autem temporibus. Velit ea officiis et necessitatibus itaque sit officiis eius. Magni architecto ullam doloribus quia.', 'quia', 'guerin.gabriel@guillaume.com', 0, '1684-06-21 08:21:46', '0658-01-07 23:55:44', '1121-08-22 02:07:48', 'Sit fuga quis autem maxime minus. Voluptatum voluptatem voluptatibus perferendis. Ut consequatur quae maxime et.'),
(114, 5, 'Chanteur', 'Le Goff et Fils', 'https://picsum.photos/400/400?image=732', 'http://www.ferreira.fr/', 'Mayotte', 'GuillotBourg', 'Laborum vel ipsam unde temporibus ut. Sint consequuntur iure laudantium nemo quis. Maxime similique quasi officiis eum est rerum.', 'temporibus', 'monique.traore@breton.com', 1, '1618-10-21 23:25:40', '1692-01-22 05:05:29', '1008-02-16 11:36:07', 'Molestiae magnam asperiores commodi nesciunt culpa itaque animi vitae. Dolorem laborum ab id exercitationem sunt. Reiciendis delectus non voluptatem dolorem beatae earum laboriosam.'),
(115, 5, 'Assistant de justice', 'Blondel', 'https://picsum.photos/400/400?image=156', 'http://www.carlier.fr/iure-aut-aut-recusandae-numquam-quam-aperiam-ut-laborum', 'Brunei', 'Hoarau-les-Bains', 'Aliquam et dolor soluta quo. Enim qui asperiores ipsa accusantium fuga incidunt et. Voluptatibus laborum veniam fugiat velit debitis.', 'nam', 'christelle18@perret.org', 0, '1214-11-13 18:30:44', '1641-07-18 16:27:37', '0774-11-12 20:41:28', 'Quaerat earum et voluptatum nam. Et et non doloremque officiis. Et numquam aut enim dolores sit.'),
(116, 5, 'Auteur-adaptateur', 'Gomez', 'https://picsum.photos/400/400?image=478', 'http://petitjean.fr/sit-minus-repudiandae-atque-voluptate-assumenda-animi', 'Albanie', 'Lemaire-sur-Peltier', 'Corporis et aut at eligendi maiores rerum enim. Vel repellendus in molestiae. Vitae nostrum debitis natus excepturi.', 'mollitia', 'michel35@noos.fr', 1, '0641-05-23 15:58:43', '1807-07-05 17:21:57', '0346-08-04 22:02:15', 'Optio qui voluptatem tempora error. Accusamus laudantium eaque vel exercitationem et voluptas. Quo nihil qui nihil quod dolorem commodi blanditiis eveniet. Non et qui repellendus nam maiores mollitia esse.'),
(117, 5, 'Pontonnier', 'Fontaine', 'https://picsum.photos/400/400?image=388', 'http://couturier.org/', 'Chine (Rép. pop.)', 'Le Goff-sur-Dupuy', 'Est labore deserunt explicabo officia dolorum iusto delectus. In mollitia nam et quis doloribus tempora.', 'aliquam', 'philippine.maillard@dupuis.net', 0, '0533-03-17 14:00:52', '0731-05-07 12:29:43', '1154-09-29 06:29:10', 'Pariatur fuga consectetur id itaque hic. Quaerat non voluptatibus quaerat consequuntur mollitia vitae debitis. Perferendis temporibus molestiae qui quae. Dolores eum voluptate at excepturi fugit.'),
(118, 5, 'Eleveur d\'insectes', 'Salmon', 'https://picsum.photos/400/400?image=251', 'http://dupre.org/totam-dolores-in-tempore-qui-voluptas-qui', 'Cocos (Îles)', 'Lacombe-sur-Mer', 'Eum autem accusamus est odio ipsam consequuntur reprehenderit. Vero quidem accusantium adipisci. Aut et nisi rerum modi et.', 'recusandae', 'thomas.dumas@grenier.fr', 0, '1346-01-01 05:02:17', '0325-04-22 11:18:10', '1285-04-08 23:44:57', 'Rerum soluta eaque laborum. Omnis unde animi consequatur sed. Necessitatibus ducimus et id impedit id delectus.'),
(119, 5, 'Commandant de police', 'Gaudin SAS', 'https://picsum.photos/400/400?image=695', 'http://www.mary.fr/consequatur-omnis-qui-eius-molestias-quisquam-consequatur.html', 'Guadeloupe', 'Dias-sur-Mer', 'Ut sint odio voluptates quasi quisquam dolores. Error qui placeat fuga aspernatur tempora enim aspernatur. Dicta quos distinctio repellat eos qui eveniet.', 'minus', 'trobert@caron.fr', 0, '1069-12-28 17:57:59', '1620-08-27 17:59:46', '1079-02-17 06:36:06', 'Veritatis aut non repellat. Et numquam quia et excepturi totam alias repellat. Ex omnis expedita earum est. Consequatur doloribus ad asperiores itaque.'),
(120, 5, 'Endocrinologue', 'Blanc Denis et Fils', 'https://picsum.photos/400/400?image=456', 'https://www.gilles.com/fugit-ullam-odio-est-nobis-aut-voluptatem-voluptas', 'Maurice', 'Auger', 'Nihil eum molestiae cumque fugiat omnis qui. Et sequi asperiores dolore enim dolor voluptatem voluptates voluptas. Distinctio aut odio asperiores nam quas quo.', 'perspiciatis', 'faure.vincent@michel.com', 0, '1399-11-26 09:07:32', '0378-05-28 11:02:23', '0450-04-07 02:17:43', 'Ipsam corporis hic quisquam tenetur. Occaecati eum quis temporibus ut sit harum. Ducimus amet distinctio vel occaecati. Quidem voluptas recusandae impedit sint. Aut dolor enim dolorem odio nobis.'),
(121, 5, 'Photographe d\'art', 'Grondin S.A.S.', 'https://picsum.photos/400/400?image=538', 'http://leger.net/voluptatem-sit-repudiandae-ad-vero-inventore-ut.html', 'États-Unis', 'Marin-les-Bains', 'Et laboriosam ut qui fuga est similique. Sit explicabo et et cumque unde reprehenderit. Assumenda eum quibusdam numquam sit. Quas et soluta reiciendis suscipit corporis est recusandae. Illum minima nisi numquam.', 'autem', 'ecamus@becker.com', 0, '1698-08-16 06:24:21', '0046-11-22 16:33:19', '1634-04-12 22:00:50', 'Voluptatum dolorem incidunt voluptatem quasi quia reiciendis cum. Corrupti qui et doloremque omnis ullam ut. Dolorem illum molestias voluptatem nihil modi.'),
(122, 5, 'Pareur en abattoir', 'Masse', 'https://picsum.photos/400/400?image=807', 'https://rodrigues.net/laudantium-tenetur-voluptatem-sit-accusantium-vel.html', 'Mali', 'Dias', 'Tempora quod neque dolor distinctio. Beatae culpa dolorem laudantium rerum. Asperiores commodi omnis iste possimus autem mollitia et eaque.', 'consequatur', 'joseph64@gmail.com', 1, '0563-01-27 17:23:35', '1868-11-29 11:11:22', '1356-03-07 01:50:44', 'Commodi itaque et quo natus autem. Rerum expedita aut nisi deleniti et quam. Porro odio eos eveniet quia. Voluptatem itaque culpa qui beatae possimus.'),
(123, 5, 'Agent d\'enquêtes', 'Berthelot', 'https://picsum.photos/400/400?image=620', 'http://charrier.fr/porro-aut-quibusdam-saepe-doloremque-at', 'Palau', 'Nicolas', 'Rerum omnis quo id nostrum. Beatae ullam sit ipsa est. Est cum deserunt beatae.', 'voluptatem', 'delannoy.denise@perrier.fr', 0, '0670-02-16 04:51:46', '1642-06-10 12:55:14', '1635-09-09 11:06:57', 'Eligendi quos iusto animi ab distinctio vitae. Fugit nihil molestias veritatis illum assumenda. Labore dicta corporis explicabo et possimus ea ullam.'),
(124, 5, 'Clerc hors rang', 'Guillon Huet S.A.', 'https://picsum.photos/400/400?image=509', 'http://dufour.com/', 'Jamaïque', 'BlancVille', 'Quo et animi maiores inventore voluptatem tenetur debitis. Enim ut consequatur labore est placeat quia suscipit corporis. Dolor laboriosam et blanditiis esse provident quod suscipit.', 'nesciunt', 'vlelievre@sfr.fr', 0, '1515-09-14 04:38:07', '0573-11-28 11:08:26', '0720-12-06 13:59:36', 'Perferendis autem architecto aut maiores molestias maxime tempora. Laboriosam eos nam hic consequatur. Quaerat dolor aliquam tempore. Ad consectetur delectus ut minus harum earum provident tempore. Perspiciatis dolor vel maiores sed.'),
(125, 5, 'Agro-économiste', 'Vallet Buisson S.A.', 'https://picsum.photos/400/400?image=667', 'http://www.bonneau.fr/fugit-distinctio-repellendus-architecto-amet-officia-blanditiis-tenetur-omnis.html', 'Aruba', 'Blondel', 'Deleniti provident quia praesentium blanditiis. Aut totam unde voluptas quia incidunt unde reprehenderit.', 'ducimus', 'margaud43@aubry.org', 1, '1735-06-04 08:00:36', '0966-08-18 02:37:21', '0131-09-11 10:59:42', 'Iusto adipisci voluptatibus placeat. Voluptatem laudantium sit consectetur rem perferendis. Perspiciatis ut nulla minima.'),
(126, 5, 'Chargé de recherche', 'Chartier SAS', 'https://picsum.photos/400/400?image=343', 'http://martineau.org/sunt-aliquid-unde-quibusdam-id-eum-excepturi-quis', 'Andorre', 'Blanc-les-Bains', 'Dolores minus voluptatem repellendus qui incidunt eos. Ut et iure earum. Nostrum exercitationem qui vel placeat nostrum necessitatibus tenetur quis. Enim eum sequi culpa occaecati ex nam voluptas. Dicta eius dolor ea veritatis.', 'alias', 'celina.olivier@gmail.com', 1, '1597-05-16 14:03:01', '0309-06-09 14:39:33', '0569-05-20 11:42:44', 'Molestiae ex et fuga doloribus nesciunt vel. Voluptatem dicta laborum magni doloribus sed eaque. Ratione dolorem minus laudantium soluta laboriosam qui possimus. Eius odit voluptatem dolore atque in.'),
(127, 5, 'Gendarme mobile', 'Pages et Fils', 'https://picsum.photos/400/400?image=70', 'http://bertin.net/rerum-commodi-quam-officiis-sit-dolores-neque.html', 'Antilles néerlandaises', 'Launay-les-Bains', 'Totam quia perspiciatis impedit consectetur impedit laudantium sit. Ex libero laudantium et laboriosam aut corporis assumenda. Earum aperiam omnis sequi veritatis.', 'adipisci', 'martin.olivie@robert.com', 1, '0668-01-13 06:19:09', '0625-12-11 15:11:39', '1266-12-07 22:30:19', 'Sit harum odio eius architecto ipsum ea quaerat. Illo fugit libero saepe ab sint recusandae repellat voluptate. Dolores vel ut asperiores reprehenderit voluptates delectus rerum qui. Sed id autem incidunt reprehenderit adipisci ea recusandae assumenda. Tempora recusandae eligendi doloribus aperiam quia qui.'),
(128, 5, 'Copiste offset', 'Remy', 'https://picsum.photos/400/400?image=770', 'http://www.morvan.com/ducimus-est-quos-velit-minus-repellat-et-assumenda.html', 'Brésil', 'Besnard', 'Sed molestiae similique perspiciatis et earum nulla incidunt. Et earum doloremque dolores. Voluptatem qui quidem optio voluptatem fugit.', 'facere', 'hjacques@gmail.com', 0, '1173-03-13 22:51:10', '1494-08-19 10:49:33', '1809-08-26 02:06:40', 'Consequatur soluta quasi placeat enim. Voluptatum qui sed suscipit eum et nam. Inventore velit veniam id rem deserunt. Error sit nisi quas vel voluptatem harum vero doloremque.'),
(129, 5, 'Agent de curage', 'Fontaine', 'https://picsum.photos/400/400?image=790', 'http://www.costa.org/fugiat-corrupti-totam-corporis-nihil', 'Chine (Rép. pop.)', 'Grondin-sur-Mer', 'Blanditiis blanditiis aut expedita voluptatem sunt nemo aut. Ipsa eos voluptatem aut vitae. Et harum et architecto eos qui. Doloribus qui quia perspiciatis dignissimos.', 'sapiente', 'gabriel97@noel.com', 0, '1746-09-05 11:15:43', '0077-01-20 03:52:06', '1624-08-02 02:42:53', 'Libero et tempora cupiditate aut et. Aperiam voluptatibus omnis est nihil qui. Quaerat ut suscipit libero eveniet.'),
(130, 1, 'bla', 'blabla', 'bla', 'blabla.com', 'France', 'La Rochelle', 'Bla bla,bla. Blabla bla', NULL, 'blabla@bla.bla', NULL, NULL, NULL, NULL, 'Blabla CV, blabla Motiv blabla'),
(132, 8, 'Freelance', 'WebAgency', 'x', 'x', 'France', 'd', 'd', NULL, 'john@doe.com', 1, '2015-02-01 00:00:00', '2015-01-01 00:00:00', '2015-01-01 00:00:00', 'd');

-- --------------------------------------------------------

--
-- Structure de la table `user`
--

CREATE TABLE `user` (
  `id` int(11) NOT NULL,
  `email` varchar(180) COLLATE utf8mb4_unicode_ci NOT NULL,
  `roles` longtext CHARACTER SET utf8mb4 COLLATE utf8mb4_bin NOT NULL CHECK (json_valid(`roles`)),
  `password` varchar(255) COLLATE utf8mb4_unicode_ci NOT NULL
) ENGINE=InnoDB DEFAULT CHARSET=utf8mb4 COLLATE=utf8mb4_unicode_ci;

--
-- Déchargement des données de la table `user`
--

INSERT INTO `user` (`id`, `email`, `roles`, `password`) VALUES
(1, 'john@doe.com', '[\"ROLE_ADMIN\"]', '$argon2id$v=19$m=65536,t=4,p=1$dFJpMnlJODU3N1B2bzMwRQ$+cXTSJbXnuQMCA6oI//FhAN5cv9CygKP9Xq/79hHFlY');

--
-- Index pour les tables déchargées
--

--
-- Index pour la table `affilies`
--
ALTER TABLE `affilies`
  ADD PRIMARY KEY (`id`);

--
-- Index pour la table `affilies_categories`
--
ALTER TABLE `affilies_categories`
  ADD PRIMARY KEY (`affilies_id`,`categories_id`),
  ADD KEY `IDX_E84D655A144C5CF3` (`affilies_id`),
  ADD KEY `IDX_E84D655AA21214B7` (`categories_id`);

--
-- Index pour la table `categories`
--
ALTER TABLE `categories`
  ADD PRIMARY KEY (`id`);

--
-- Index pour la table `doctrine_migration_versions`
--
ALTER TABLE `doctrine_migration_versions`
  ADD PRIMARY KEY (`version`);

--
-- Index pour la table `jobs`
--
ALTER TABLE `jobs`
  ADD PRIMARY KEY (`id`),
  ADD KEY `categorie_id` (`categorie_id`);

--
-- Index pour la table `user`
--
ALTER TABLE `user`
  ADD PRIMARY KEY (`id`),
  ADD UNIQUE KEY `UNIQ_8D93D649E7927C74` (`email`);

--
-- AUTO_INCREMENT pour les tables déchargées
--

--
-- AUTO_INCREMENT pour la table `affilies`
--
ALTER TABLE `affilies`
  MODIFY `id` int(11) NOT NULL AUTO_INCREMENT;

--
-- AUTO_INCREMENT pour la table `categories`
--
ALTER TABLE `categories`
  MODIFY `id` int(11) NOT NULL AUTO_INCREMENT, AUTO_INCREMENT=9;

--
-- AUTO_INCREMENT pour la table `jobs`
--
ALTER TABLE `jobs`
  MODIFY `id` int(11) NOT NULL AUTO_INCREMENT, AUTO_INCREMENT=133;

--
-- AUTO_INCREMENT pour la table `user`
--
ALTER TABLE `user`
  MODIFY `id` int(11) NOT NULL AUTO_INCREMENT, AUTO_INCREMENT=4;

--
-- Contraintes pour les tables déchargées
--

--
-- Contraintes pour la table `affilies_categories`
--
ALTER TABLE `affilies_categories`
  ADD CONSTRAINT `FK_E84D655A144C5CF3` FOREIGN KEY (`affilies_id`) REFERENCES `affilies` (`id`) ON DELETE CASCADE,
  ADD CONSTRAINT `FK_E84D655AA21214B7` FOREIGN KEY (`categories_id`) REFERENCES `categories` (`id`) ON DELETE CASCADE;

--
-- Contraintes pour la table `jobs`
--
ALTER TABLE `jobs`
  ADD CONSTRAINT `jobs_ibfk_1` FOREIGN KEY (`categorie_id`) REFERENCES `categories` (`id`);
COMMIT;

/*!40101 SET CHARACTER_SET_CLIENT=@OLD_CHARACTER_SET_CLIENT */;
/*!40101 SET CHARACTER_SET_RESULTS=@OLD_CHARACTER_SET_RESULTS */;
/*!40101 SET COLLATION_CONNECTION=@OLD_COLLATION_CONNECTION */;
